C1,35.66339233,30.50479253,9.03,0.362074689
C1,45.25811209,32.49620332,9.03,0.271556017
C1,35.30132743,30.86686722,9.03,0.362074689
C1,36.47803835,30.68582988,9.03,0.271556017
C1,44.71501475,34.57813278,9.03,0.362074689
C1,48.96927729,37.20317427,9.03,0.271556017
C1,38.10733038,31.31946058,9.03,0.271556017
C1,36.11597345,28.60390041,9.03,0.271556017
C1,35.84442478,31.77205394,9.03,0.271556017
C1,37.20216814,29.50908714,9.03,0.271556017
C1,46.61585546,38.19887967,9.03,0.271556017
C1,52.7709587,11.85794606,9.03,0.362074689
C1,36.84010324,28.24182573,9.03,0.271556017
C1,51.68476401,39.19458506,9.03,0.271556017
C1,38.83146018,31.5910166,9.03,0.271556017
C1,36.02545723,32.94879668,9.03,0.271556017
C1,37.38320059,31.95309129,9.03,0.271556017
C1,36.74958702,31.95309129,9.03,0.271556017
C1,44.1719174,31.86257261,9.03,0.271556017
C1,44.44346608,32.40568465,9.03,0.271556017
C1,39.10300885,29.59960581,9.03,0.271556017
C2,51.32269912,15.47869295,9.03,0.271556017
C2,35.75390855,30.05219917,9.03,0.271556017
C2,43.99088496,33.49190871,9.03,0.271556017
C2,43.99088496,32.40568465,9.03,0.271556017
C2,44.35294985,32.58672199,9.03,0.362074689
C2,43.08572271,32.04360996,9.03,0.271556017
C2,28.69364307,12.67261411,9.03,0.271556017
C2,24.52989676,33.58242739,9.03,0.271556017
C2,52.58992625,31.86257261,9.03,0.362074689
C2,57.38728614,18.01321577,9.03,0.271556017
C2,43.53830383,34.30657676,9.03,0.271556017
C2,44.8960472,35.39280083,9.03,0.271556017
C2,56.39160767,18.46580913,9.03,0.362074689
C2,44.80553097,34.03502075,9.03,0.452593361
C2,44.80553097,34.66865145,9.03,0.271556017
C2,34.30564897,32.2246473,9.03,0.271556017
C2,48.96927729,31.13842324,9.03,0.362074689
C2,53.31405605,28.3323444,9.03,0.271556017
C2,11.40504425,25.97885892,9.03,0.271556017
C2,35.21081121,28.87545643,9.03,0.271556017
C2,18.10324484,43.08688797,9.03,0.271556017
C2,35.57287611,31.50049793,9.03,0.271556017
C2,37.29268437,31.86257261,9.03,0.271556017
C2,8.870589971,19.82358921,9.03,0.362074689
C2,46.79688791,33.94450207,9.03,0.271556017
C2,13.75846608,29.50908714,9.03,0.271556017
C2,16.02137168,24.80211618,9.03,0.452593361
C2,35.66339233,30.95738589,9.03,0.271556017
C2,57.56831858,38.37991701,9.03,0.362074689
C2,38.46939528,31.68153527,9.03,0.452593361
C2,5.702522124,12.85365145,9.03,0.271556017
C2,20.63769912,29.87116183,9.03,0.452593361
C2,35.30132743,30.86686722,9.03,0.271556017
C2,48.87876106,9.142385892,9.03,0.271556017
C2,30.41345133,31.77205394,9.03,0.362074689
C2,31.68067847,31.22894191,9.03,0.271556017
C2,17.37911504,26.7030083,9.03,0.362074689
C2,52.22786136,15.75024896,9.03,0.271556017
C2,10.31884956,25.16419087,9.03,0.271556017
C2,36.38752212,30.77634855,9.03,0.271556017
C2,36.38752212,29.23753112,9.03,0.271556017
C2,16.20240413,35.75487552,9.03,0.271556017
C2,34.93926254,29.59960581,9.03,0.271556017
C2,21.18079646,29.9616805,9.03,0.271556017
C1,44.71501475,34.66865145,8.65375,0.362074689
C1,45.34862832,32.58672199,8.65375,0.271556017
C1,37.11165192,28.42286307,8.65375,0.362074689
C1,44.44346608,32.58672199,8.65375,0.271556017
C1,35.66339233,31.68153527,8.65375,0.362074689
C1,51.68476401,39.28510373,8.65375,0.271556017
C1,35.84442478,28.3323444,8.65375,0.362074689
C1,37.29268437,29.59960581,8.65375,0.271556017
C1,35.02977876,32.40568465,8.65375,0.271556017
C1,35.30132743,30.86686722,8.65375,0.271556017
C1,43.17623894,31.5910166,8.65375,0.271556017
C1,37.56423304,28.06078838,8.65375,0.271556017
C1,34.57719764,31.40997925,8.65375,0.271556017
C1,42.72365782,32.31516598,8.65375,0.271556017
C1,45.98224189,22.99174274,8.65375,0.271556017
C1,46.61585546,38.19887967,8.65375,0.271556017
C1,35.57287611,30.32375519,8.65375,0.543112033
C1,52.58992625,11.85794606,8.65375,0.362074689
C1,48.96927729,37.20317427,8.65375,0.271556017
C1,38.83146018,31.68153527,8.65375,0.271556017
C1,36.47803835,30.68582988,8.65375,0.362074689
C1,49.7839233,37.29369295,8.65375,0.271556017
C1,39.01249263,28.51338174,8.65375,0.271556017
C1,48.42617994,36.4790249,8.65375,0.271556017
C1,50.41753687,36.84109959,8.65375,0.271556017
C1,48.06411504,38.65147303,8.65375,0.362074689
C1,54.21921829,14.03039419,8.65375,0.362074689
C1,47.97359882,37.20317427,8.65375,0.271556017
C1,36.93061947,31.22894191,8.65375,0.271556017
C1,42.63314159,30.77634855,8.65375,0.362074689
C1,36.74958702,31.95309129,8.65375,0.271556017
C1,45.25811209,31.77205394,8.65375,0.271556017
C2,44.26243363,32.58672199,8.65375,0.452593361
C2,35.48235988,29.87116183,8.65375,0.452593361
C2,51.23218289,15.47869295,8.65375,0.362074689
C2,44.80553097,33.94450207,8.65375,0.271556017
C2,57.65883481,38.37991701,8.65375,0.271556017
C2,28.60312684,12.67261411,8.65375,0.362074689
C2,53.40457227,28.42286307,8.65375,0.271556017
C2,16.11188791,24.80211618,8.65375,0.271556017
C2,52.68044248,31.86257261,8.65375,0.271556017
C2,53.1330236,27.69871369,8.65375,0.271556017
C2,30.50396755,31.86257261,8.65375,0.271556017
C2,43.99088496,33.49190871,8.65375,0.271556017
C2,46.79688791,34.03502075,8.65375,0.271556017
C2,37.20216814,31.95309129,8.65375,0.271556017
C2,44.8960472,33.12983402,8.65375,0.271556017
C2,44.8960472,35.4833195,8.65375,0.271556017
C2,36.20648968,29.23753112,8.65375,0.271556017
C2,11.2240118,7.42253112,8.65375,0.271556017
C2,31.59016224,31.22894191,8.65375,0.271556017
C2,24.43938053,33.58242739,8.65375,0.271556017
C2,43.80985251,34.30657676,8.65375,0.271556017
C2,44.71501475,34.48761411,8.65375,0.271556017
C2,49.51237463,30.68582988,8.65375,0.271556017
C2,29.41777286,25.25470954,8.65375,0.271556017
C2,43.17623894,32.04360996,8.65375,0.271556017
C2,36.38752212,27.336639,8.65375,0.271556017
C2,42.2710767,32.40568465,8.65375,0.271556017
C2,5.702522124,12.94417012,8.65375,0.271556017
C2,30.23241888,25.61678423,8.65375,0.362074689
C2,52.13734513,15.65973029,8.65375,0.271556017
C2,49.15030973,31.04790456,8.65375,0.543112033
C2,37.47371681,31.22894191,8.65375,0.271556017
C2,18.55582596,33.94450207,8.65375,0.362074689
C2,0.362064897,22.81070539,8.65375,0.271556017
C2,52.86147493,23.35381743,8.65375,0.362074689
C2,55.93902655,22.08655602,8.65375,0.362074689
C2,12.31020649,27.42715768,8.65375,0.271556017
C2,36.56855457,31.68153527,8.65375,0.271556017
C2,2.353421829,41.09547718,8.65375,0.271556017
C2,13.8489823,29.59960581,8.65375,0.362074689
C2,35.30132743,28.87545643,8.65375,0.271556017
C1,44.71501475,34.66865145,8.2775,0.362074689
C1,35.02977876,32.40568465,8.2775,0.271556017
C1,44.35294985,32.67724066,8.2775,0.362074689
C1,37.38320059,28.06078838,8.2775,0.271556017
C1,35.39184366,31.50049793,8.2775,0.271556017
C1,35.75390855,28.24182573,8.2775,0.271556017
C1,37.02113569,28.42286307,8.2775,0.543112033
C1,47.97359882,38.65147303,8.2775,0.271556017
C1,48.15463127,37.29369295,8.2775,0.362074689
C1,43.08572271,31.31946058,8.2775,0.452593361
C1,36.47803835,31.04790456,8.2775,0.271556017
C1,29.32725664,15.65973029,8.2775,0.271556017
C1,45.16759587,31.95309129,8.2775,0.271556017
C1,35.57287611,29.9616805,8.2775,0.362074689
C1,42.54262537,30.77634855,8.2775,0.271556017
C1,42.72365782,32.49620332,8.2775,0.362074689
C1,49.33134218,36.38850622,8.2775,0.271556017
C1,43.90036873,34.12553942,8.2775,0.271556017
C1,37.29268437,29.69012448,8.2775,0.271556017
C1,51.59424779,39.28510373,8.2775,0.271556017
C1,34.48668142,31.31946058,8.2775,0.271556017
C1,50.05547198,37.47473029,8.2775,0.271556017
C1,37.47371681,31.50049793,8.2775,0.271556017
C1,36.74958702,31.5910166,8.2775,0.271556017
C1,38.01681416,30.05219917,8.2775,0.271556017
C1,40.46075221,32.58672199,8.2775,0.271556017
C1,45.62017699,34.57813278,8.2775,0.271556017
C1,52.13734513,40.73340249,8.2775,0.543112033
C1,40.82281711,29.9616805,8.2775,0.452593361
C1,46.70637168,34.03502075,8.2775,0.271556017
C1,48.51669617,37.92732365,8.2775,0.271556017
C2,44.08140118,32.58672199,8.2775,0.452593361
C2,44.80553097,33.94450207,8.2775,0.362074689
C2,30.05138643,25.61678423,8.2775,0.271556017
C2,36.20648968,27.42715768,8.2775,0.271556017
C2,52.86147493,27.78923237,8.2775,0.362074689
C2,35.21081121,29.78064315,8.2775,0.452593361
C2,11.04297935,7.42253112,8.2775,0.362074689
C2,37.02113569,31.95309129,8.2775,0.271556017
C2,36.74958702,32.67724066,8.2775,0.271556017
C2,28.60312684,12.67261411,8.2775,0.362074689
C2,53.22353982,28.42286307,8.2775,0.271556017
C2,53.85715339,28.24182573,8.2775,0.271556017
C2,9.323171091,38.7419917,8.2775,0.271556017
C2,37.47371681,31.22894191,8.2775,0.271556017
C2,39.2840413,0.452593361,8.2775,0.271556017
C2,42.2710767,32.49620332,8.2775,0.271556017
C2,36.02545723,29.14701245,8.2775,0.362074689
C2,28.51261062,27.78923237,8.2775,0.271556017
C2,53.04250737,7.150975104,8.2775,0.271556017
C2,18.55582596,34.03502075,8.2775,0.271556017
C2,43.80985251,31.50049793,8.2775,0.271556017
C2,47.5210177,13.21572614,8.2775,0.271556017
C2,27.96951327,12.94417012,8.2775,0.271556017
C2,41.00384956,6.336307054,8.2775,0.271556017
C2,49.24082596,30.68582988,8.2775,0.271556017
C2,23.08163717,32.85827801,8.2775,0.271556017
C2,55.57696165,21.99603734,8.2775,0.362074689
C2,37.56423304,32.2246473,8.2775,0.271556017
C2,43.53830383,35.30228216,8.2775,0.271556017
C2,57.47780236,38.37991701,8.2775,0.362074689
C2,6.426651917,38.19887967,8.2775,0.271556017
C2,38.28836283,32.04360996,8.2775,0.271556017
C2,36.93061947,27.97026971,8.2775,0.271556017
C2,51.50373156,15.38817427,8.2775,0.543112033
C2,51.50373156,21.54344398,8.2775,0.271556017
C2,41.99952802,5.612157676,8.2775,0.271556017
C2,13.75846608,23.4443361,8.2775,0.362074689
C2,13.75846608,2.806078838,8.2775,0.271556017
C2,29.23674041,25.34522822,8.2775,0.271556017
C2,58.29244838,39.19458506,8.2775,0.271556017
C2,12.21969027,27.42715768,8.2775,0.362074689
C2,30.41345133,31.77205394,8.2775,0.362074689
C2,54.58128319,27.78923237,8.2775,0.271556017
C2,15.74982301,24.98315353,8.2775,0.543112033
C2,46.79688791,33.94450207,8.2775,0.362074689
C1,44.26243363,34.30657676,7.90125,0.543112033
C1,48.33566372,37.38421162,7.90125,0.362074689
C1,43.08572271,31.13842324,7.90125,0.362074689
C1,45.80120944,35.03072614,7.90125,0.271556017
C1,40.73230088,30.05219917,7.90125,0.362074689
C1,40.91333333,33.58242739,7.90125,0.362074689
C1,52.49941003,40.82392116,7.90125,0.271556017
C1,44.44346608,32.67724066,7.90125,0.271556017
C1,34.93926254,32.40568465,7.90125,0.362074689
C1,36.74958702,28.78493776,7.90125,0.271556017
C1,36.74958702,26.52197095,7.90125,0.271556017
C1,48.78824484,38.108361,7.90125,0.271556017
C1,38.83146018,31.77205394,7.90125,0.271556017
C1,38.10733038,31.04790456,7.90125,0.271556017
C1,38.10733038,30.23323651,7.90125,0.271556017
C1,36.6590708,31.22894191,7.90125,0.543112033
C1,37.38320059,31.40997925,7.90125,0.271556017
C1,35.12029499,27.60819502,7.90125,0.271556017
C1,42.90469027,32.85827801,7.90125,0.271556017
C1,42.2710767,31.22894191,7.90125,0.271556017
C1,51.77528024,38.28939834,7.90125,0.362074689
C1,35.02977876,31.5910166,7.90125,0.271556017
C1,37.20216814,28.15130705,7.90125,0.271556017
C1,51.95631268,40.64288382,7.90125,0.271556017
C1,50.59856932,38.47043568,7.90125,0.271556017
C1,46.43482301,33.12983402,7.90125,0.362074689
C1,53.1330236,41.27651452,7.90125,0.271556017
C1,51.14166667,39.7376971,7.90125,0.362074689
C2,36.56855457,32.58672199,7.90125,0.362074689
C2,13.66794985,23.4443361,7.90125,0.271556017
C2,13.66794985,2.89659751,7.90125,0.271556017
C2,46.52533923,42.54377593,7.90125,0.271556017
C2,44.80553097,34.03502075,7.90125,0.362074689
C2,43.90036873,31.50049793,7.90125,0.271556017
C2,37.38320059,31.22894191,7.90125,0.271556017
C2,37.38320059,32.13412863,7.90125,0.271556017
C2,29.41777286,27.97026971,7.90125,0.271556017
C2,27.51693215,26.25041494,7.90125,0.362074689
C2,37.02113569,27.97026971,7.90125,0.271556017
C2,37.02113569,31.86257261,7.90125,0.271556017
C2,28.60312684,27.87975104,7.90125,0.271556017
C2,51.59424779,15.11661826,7.90125,0.362074689
C2,36.2970059,27.336639,7.90125,0.271556017
C2,44.71501475,32.58672199,7.90125,0.452593361
C2,48.06411504,36.11695021,7.90125,0.271556017
C2,49.51237463,9.142385892,7.90125,0.452593361
C2,45.52966077,34.30657676,7.90125,0.271556017
C2,41.81849558,31.40997925,7.90125,0.271556017
C2,52.22786136,20.90981328,7.90125,0.271556017
C2,54.03818584,28.3323444,7.90125,0.362074689
C2,55.66747788,21.45292531,7.90125,0.271556017
C2,35.84442478,32.58672199,7.90125,0.271556017
C2,37.11165192,26.34093361,7.90125,0.271556017
C2,27.15486726,2.081929461,7.90125,0.362074689
C2,53.04250737,27.78923237,7.90125,0.362074689
C2,39.19352507,0.543112033,7.90125,0.362074689
C2,51.77528024,14.57350622,7.90125,0.271556017
C2,38.37887906,30.32375519,7.90125,0.362074689
C2,11.04297935,7.42253112,7.90125,0.362074689
C2,51.41321534,41.91014523,7.90125,0.362074689
C2,38.10733038,30.95738589,7.90125,0.271556017
C2,26.43073746,33.03931535,7.90125,0.271556017
C2,42.09004425,5.702676349,7.90125,0.362074689
C2,51.32269912,21.63396266,7.90125,0.452593361
C2,10.04730088,7.603568465,7.90125,0.271556017
C2,10.40936578,10.4096473,7.90125,0.362074689
C2,19.91356932,30.77634855,7.90125,0.271556017
C2,36.11597345,29.32804979,7.90125,0.271556017
C2,30.14190265,25.61678423,7.90125,0.452593361
C2,48.87876106,41.81962656,7.90125,0.271556017
C2,46.97792035,14.12091286,7.90125,0.271556017
C2,20.09460177,5.612157676,7.90125,0.362074689
C1,38.19784661,31.04790456,7.525,0.362074689
C1,38.19784661,30.23323651,7.525,0.271556017
C1,44.1719174,34.39709544,7.525,0.543112033
C1,44.1719174,33.2203527,7.525,0.271556017
C1,36.74958702,31.22894191,7.525,0.452593361
C1,36.74958702,28.9659751,7.525,0.362074689
C1,38.83146018,31.86257261,7.525,0.271556017
C1,48.69772861,38.19887967,7.525,0.271556017
C1,45.80120944,35.03072614,7.525,0.271556017
C1,40.91333333,33.58242739,7.525,0.362074689
C1,51.59424779,38.28939834,7.525,0.271556017
C1,36.6590708,26.61248963,7.525,0.271556017
C1,40.73230088,30.05219917,7.525,0.362074689
C1,35.48235988,26.61248963,7.525,0.271556017
C1,50.96063422,39.7376971,7.525,0.271556017
C1,42.90469027,31.13842324,7.525,0.543112033
C1,30.05138643,20.81929461,7.525,0.362074689
C1,34.93926254,30.05219917,7.525,0.271556017
C1,48.33566372,37.56524896,7.525,0.543112033
C1,48.33566372,36.4790249,7.525,0.271556017
C1,46.16327434,34.48761411,7.525,0.271556017
C1,35.02977876,27.60819502,7.525,0.271556017
C1,52.40889381,40.82392116,7.525,0.271556017
C1,43.35727139,33.31087137,7.525,0.362074689
C1,53.04250737,39.82821577,7.525,0.362074689
C1,30.23241888,27.69871369,7.525,0.362074689
C1,46.34430678,33.2203527,7.525,0.271556017
C1,35.84442478,30.5953112,7.525,0.271556017
C1,41.99952802,31.86257261,7.525,0.271556017
C1,53.4950885,40.73340249,7.525,0.543112033
C1,47.1589528,34.12553942,7.525,0.271556017
C1,37.11165192,30.14271784,7.525,0.271556017
C2,36.56855457,32.58672199,7.525,0.452593361
C2,51.32269912,42.0006639,7.525,0.271556017
C2,27.33589971,26.34093361,7.525,0.362074689
C2,29.23674041,28.06078838,7.525,0.362074689
C2,44.35294985,34.21605809,7.525,0.271556017
C2,46.34430678,42.54377593,7.525,0.271556017
C2,27.06435103,2.172448133,7.525,0.362074689
C2,49.42185841,9.323423237,7.525,0.362074689
C2,44.8960472,32.49620332,7.525,0.452593361
C2,44.8960472,33.8539834,7.525,0.271556017
C2,43.90036873,31.50049793,7.525,0.271556017
C2,50.23650442,41.54807054,7.525,0.362074689
C2,37.56423304,28.78493776,7.525,0.271556017
C2,37.38320059,31.22894191,7.525,0.271556017
C2,41.9090118,31.40997925,7.525,0.271556017
C2,52.7709587,41.00495851,7.525,0.271556017
C2,51.14166667,21.72448133,7.525,0.271556017
C2,13.57743363,23.4443361,7.525,0.362074689
C2,51.50373156,15.11661826,7.525,0.452593361
C2,38.01681416,32.2246473,7.525,0.362074689
C2,36.93061947,27.87975104,7.525,0.362074689
C2,26.43073746,33.03931535,7.525,0.271556017
C2,58.92606195,9.86653527,7.525,0.452593361
C2,38.5599115,30.41427386,7.525,0.452593361
C2,26.15918879,21.54344398,7.525,0.271556017
C2,38.10733038,30.86686722,7.525,0.271556017
C2,36.20648968,27.336639,7.525,0.271556017
C2,34.93926254,29.59960581,7.525,0.271556017
C2,47.97359882,36.20746888,7.525,0.362074689
C2,37.29268437,11.94846473,7.525,0.271556017
C2,50.59856932,22.90122407,7.525,0.271556017
C2,30.3229351,27.60819502,7.525,0.271556017
C2,51.68476401,14.57350622,7.525,0.271556017
C2,35.57287611,26.52197095,7.525,0.271556017
C2,21.18079646,18.91840249,7.525,0.362074689
C2,25.435059,22.81070539,7.525,0.452593361
C2,26.97383481,21.09085062,7.525,0.271556017
C2,19.91356932,5.612157676,7.525,0.362074689
C2,53.58560472,40.73340249,7.525,0.271556017
C2,38.83146018,0.452593361,7.525,0.271556017
C2,27.24538348,20.54773859,7.525,0.543112033
C2,36.74958702,26.43145228,7.525,0.452593361
C2,27.42641593,22.81070539,7.525,0.271556017
C1,36.6590708,31.31946058,7.14875,0.452593361
C1,36.6590708,26.61248963,7.14875,0.271556017
C1,38.19784661,31.04790456,7.14875,0.452593361
C1,44.1719174,34.39709544,7.14875,0.543112033
C1,44.1719174,33.31087137,7.14875,0.271556017
C1,35.48235988,26.61248963,7.14875,0.271556017
C1,43.44778761,33.40139004,7.14875,0.271556017
C1,42.63314159,31.13842324,7.14875,0.362074689
C1,38.83146018,31.86257261,7.14875,0.271556017
C1,30.14190265,20.90981328,7.14875,0.362074689
C1,40.91333333,33.58242739,7.14875,0.362074689
C1,51.59424779,38.28939834,7.14875,0.271556017
C1,11.04297935,10.59068465,7.14875,0.362074689
C1,45.98224189,34.8496888,7.14875,0.543112033
C1,50.96063422,39.7376971,7.14875,0.271556017
C1,30.3229351,27.69871369,7.14875,0.362074689
C1,53.4950885,40.82392116,7.14875,0.271556017
C1,27.06435103,25.79782158,7.14875,0.271556017
C1,35.66339233,30.5953112,7.14875,0.271556017
C1,34.75823009,27.51767635,7.14875,0.362074689
C1,34.75823009,30.14271784,7.14875,0.362074689
C1,28.33157817,23.80641079,7.14875,0.271556017
C1,47.06843658,34.12553942,7.14875,0.271556017
C1,48.69772861,38.108361,7.14875,0.543112033
C1,27.96951327,21.815,7.14875,0.271556017
C1,40.55126844,29.87116183,7.14875,0.362074689
C1,52.13734513,40.73340249,7.14875,0.271556017
C1,37.11165192,32.13412863,7.14875,0.271556017
C1,37.11165192,30.14271784,7.14875,0.271556017
C1,54.67179941,41.00495851,7.14875,0.271556017
C1,53.04250737,39.91873444,7.14875,0.452593361
C1,39.10300885,29.50908714,7.14875,0.362074689
C1,28.78415929,20.36670124,7.14875,0.362074689
C2,51.23218289,42.0006639,7.14875,0.271556017
C2,36.47803835,32.67724066,7.14875,0.452593361
C2,50.1459882,41.63858921,7.14875,0.271556017
C2,29.23674041,28.06078838,7.14875,0.271556017
C2,55.03386431,38.7419917,7.14875,0.271556017
C2,38.46939528,30.50479253,7.14875,0.362074689
C2,49.51237463,9.323423237,7.14875,0.271556017
C2,25.435059,22.90122407,7.14875,0.362074689
C2,44.26243363,34.21605809,7.14875,0.271556017
C2,26.97383481,2.172448133,7.14875,0.362074689
C2,27.42641593,26.34093361,7.14875,0.452593361
C2,27.42641593,20.36670124,7.14875,0.543112033
C2,27.42641593,1.267261411,7.14875,0.271556017
C2,50.59856932,22.99174274,7.14875,0.271556017
C2,37.56423304,28.78493776,7.14875,0.271556017
C2,26.79280236,23.17278008,7.14875,0.271556017
C2,26.15918879,21.54344398,7.14875,0.271556017
C2,38.01681416,32.31516598,7.14875,0.362074689
C2,44.8960472,32.40568465,7.14875,0.543112033
C2,50.5080531,21.815,7.14875,0.271556017
C2,34.84874631,29.59960581,7.14875,0.271556017
C2,34.84874631,28.78493776,7.14875,0.271556017
C2,21.09028024,18.91840249,7.14875,0.362074689
C2,43.08572271,30.23323651,7.14875,0.271556017
C2,27.51693215,22.81070539,7.14875,0.271556017
C2,27.51693215,23.62537344,7.14875,0.271556017
C2,26.24970501,33.03931535,7.14875,0.271556017
C2,52.7709587,41.09547718,7.14875,0.271556017
C2,37.02113569,30.77634855,7.14875,0.362074689
C2,35.57287611,26.61248963,7.14875,0.271556017
C2,27.96951327,23.62537344,7.14875,0.271556017
C2,36.93061947,27.87975104,7.14875,0.362074689
C2,28.24106195,24.80211618,7.14875,0.271556017
C2,36.11597345,27.51767635,7.14875,0.271556017
C2,26.88331858,21.63396266,7.14875,0.271556017
C2,26.70228614,25.97885892,7.14875,0.271556017
C2,30.05138643,26.15989627,7.14875,0.271556017
C2,58.83554572,9.957053942,7.14875,0.452593361
C2,51.14166667,21.63396266,7.14875,0.271556017
C1,38.19784661,31.04790456,6.7725,0.452593361
C1,34.75823009,27.51767635,6.7725,0.271556017
C1,36.6590708,31.31946058,6.7725,0.452593361
C1,36.6590708,24.25900415,6.7725,0.362074689
C1,35.57287611,26.61248963,6.7725,0.271556017
C1,28.4220944,21.27188797,6.7725,0.271556017
C1,44.08140118,34.48761411,6.7725,0.543112033
C1,30.14190265,20.90981328,6.7725,0.362074689
C1,11.04297935,10.59068465,6.7725,0.362074689
C1,46.25379056,34.94020747,6.7725,0.362074689
C1,43.35727139,33.40139004,6.7725,0.362074689
C1,42.63314159,31.22894191,6.7725,0.271556017
C1,28.78415929,20.36670124,6.7725,0.271556017
C1,31.31861357,26.52197095,6.7725,0.362074689
C1,48.24514749,37.56524896,6.7725,0.271556017
C1,51.77528024,40.82392116,6.7725,0.362074689
C1,43.90036873,31.31946058,6.7725,0.271556017
C1,25.52557522,20.27618257,6.7725,0.362074689
C1,50.5080531,39.46614108,6.7725,0.271556017
C1,35.48235988,30.5953112,6.7725,0.362074689
C1,46.97792035,34.21605809,6.7725,0.271556017
C1,35.75390855,29.23753112,6.7725,0.271556017
C1,10.40936578,11.13379668,6.7725,0.362074689
C1,39.01249263,29.59960581,6.7725,0.362074689
C1,30.23241888,27.69871369,6.7725,0.362074689
C1,28.33157817,24.80211618,6.7725,0.271556017
C1,28.51261062,23.89692946,6.7725,0.271556017
C1,27.15486726,25.79782158,6.7725,0.271556017
C1,28.0600295,21.815,6.7725,0.271556017
C1,34.48668142,26.61248963,6.7725,0.271556017
C1,32.13325959,26.61248963,6.7725,0.271556017
C1,53.1330236,40.82392116,6.7725,0.543112033
C1,38.9219764,32.31516598,6.7725,0.362074689
C1,29.68932153,26.34093361,6.7725,0.271556017
C2,27.51693215,20.45721992,6.7725,0.452593361
C2,27.51693215,26.43145228,6.7725,0.543112033
C2,26.88331858,23.17278008,6.7725,0.271556017
C2,38.46939528,30.50479253,6.7725,0.362074689
C2,50.1459882,41.63858921,6.7725,0.271556017
C2,25.52557522,22.81070539,6.7725,0.362074689
C2,25.52557522,21.36240664,6.7725,0.271556017
C2,51.14166667,41.91014523,6.7725,0.362074689
C2,36.38752212,32.67724066,6.7725,0.543112033
C2,43.08572271,30.32375519,6.7725,0.271556017
C2,21.18079646,19.00892116,6.7725,0.271556017
C2,26.70228614,21.63396266,6.7725,0.271556017
C2,26.70228614,21.00033195,6.7725,0.271556017
C2,36.93061947,30.68582988,6.7725,0.362074689
C2,9.594719764,36.4790249,6.7725,0.271556017
C2,50.59856932,22.90122407,6.7725,0.271556017
C2,44.8960472,32.13412863,6.7725,0.271556017
C2,23.71525074,12.67261411,6.7725,0.452593361
C2,55.21489676,21.18136929,6.7725,0.271556017
C2,11.2240118,10.68120332,6.7725,0.271556017
C2,24.98247788,20.90981328,6.7725,0.271556017
C2,27.33589971,1.267261411,6.7725,0.271556017
C2,30.14190265,26.15989627,6.7725,0.271556017
C2,27.60744838,22.81070539,6.7725,0.271556017
C2,26.79280236,2.172448133,6.7725,0.362074689
C2,26.06867257,21.36240664,6.7725,0.271556017
C2,28.15054572,25.16419087,6.7725,0.362074689
C2,27.6979646,23.62537344,6.7725,0.271556017
C2,38.01681416,32.31516598,6.7725,0.362074689
C2,25.61609145,20.1856639,6.7725,0.271556017
C2,18.73685841,10.04757261,6.7725,0.362074689
C2,36.84010324,26.52197095,6.7725,0.362074689
C2,42.72365782,31.04790456,6.7725,0.271556017
C2,36.02545723,27.42715768,6.7725,0.271556017
C2,35.39184366,30.41427386,6.7725,0.362074689
C2,59.28812684,20.63825726,6.7725,0.362074689
C2,60.91741888,22.53914938,6.7725,0.271556017
C2,4.616327434,35.03072614,6.7725,0.362074689
C2,14.2110472,7.332012448,6.7725,0.362074689
C2,41.45643068,32.49620332,6.7725,0.271556017
C2,34.48668142,18.73736515,6.7725,0.362074689
C2,29.41777286,23.26329876,6.7725,0.271556017
C2,50.5080531,21.72448133,6.7725,0.271556017
C1,51.59424779,40.82392116,6.39625,0.362074689
C1,34.57719764,27.51767635,6.39625,0.271556017
C1,30.95654867,26.52197095,6.39625,0.452593361
C1,28.33157817,21.27188797,6.39625,0.362074689
C1,51.50373156,42.0006639,6.39625,0.271556017
C1,52.7709587,41.00495851,6.39625,0.362074689
C1,28.96519174,20.36670124,6.39625,0.362074689
C1,26.34022124,26.43145228,6.39625,0.271556017
C1,25.34454277,20.27618257,6.39625,0.362074689
C1,29.87035398,20.81929461,6.39625,0.362074689
C1,48.15463127,37.56524896,6.39625,0.271556017
C1,36.47803835,24.16848548,6.39625,0.452593361
C1,34.39616519,26.61248963,6.39625,0.271556017
C1,35.21081121,30.5953112,6.39625,0.271556017
C1,28.78415929,24.62107884,6.39625,0.271556017
C1,30.05138643,27.69871369,6.39625,0.271556017
C1,25.97815634,25.88834025,6.39625,0.271556017
C1,25.97815634,20.90981328,6.39625,0.271556017
C1,10.40936578,11.22431535,6.39625,0.362074689
C1,27.15486726,20.09514523,6.39625,0.362074689
C1,23.89628319,10.86224066,6.39625,0.362074689
C1,11.04297935,10.59068465,6.39625,0.362074689
C1,46.25379056,35.03072614,6.39625,0.362074689
C1,44.98656342,35.12124481,6.39625,0.271556017
C1,28.4220944,23.26329876,6.39625,0.271556017
C1,28.4220944,26.25041494,6.39625,0.362074689
C1,22.90060472,20.09514523,6.39625,0.452593361
C1,30.23241888,25.88834025,6.39625,0.271556017
C1,36.74958702,31.31946058,6.39625,0.452593361
C1,29.50828909,26.25041494,6.39625,0.271556017
C1,29.14622419,23.26329876,6.39625,0.271556017
C1,43.90036873,31.31946058,6.39625,0.362074689
C1,27.24538348,18.01321577,6.39625,0.271556017
C1,50.5080531,38.37991701,6.39625,0.362074689
C1,37.11165192,26.52197095,6.39625,0.271556017
C1,50.41753687,39.46614108,6.39625,0.271556017
C1,50.41753687,40.28080913,6.39625,0.271556017
C1,20.45666667,4.888008299,6.39625,0.271556017
C1,35.02977876,28.9659751,6.39625,0.271556017
C1,35.84442478,27.336639,6.39625,0.271556017
C1,35.12029499,24.89263485,6.39625,0.271556017
C1,22.53853982,22.81070539,6.39625,0.271556017
C1,39.01249263,29.69012448,6.39625,0.362074689
C1,33.94358407,24.80211618,6.39625,0.362074689
C1,43.35727139,33.40139004,6.39625,0.362074689
C1,37.02113569,25.43574689,6.39625,0.271556017
C1,24.43938053,22.90122407,6.39625,0.362074689
C1,37.20216814,27.336639,6.39625,0.271556017
C1,31.95222714,26.43145228,6.39625,0.271556017
C1,27.33589971,25.79782158,6.39625,0.362074689
C1,27.33589971,24.98315353,6.39625,0.271556017
C1,35.39184366,26.52197095,6.39625,0.271556017
C1,46.79688791,34.03502075,6.39625,0.362074689
C2,27.33589971,20.45721992,6.39625,0.543112033
C2,26.61176991,21.63396266,6.39625,0.271556017
C2,28.0600295,25.25470954,6.39625,0.271556017
C2,23.62473451,12.76313278,6.39625,0.452593361
C2,23.62473451,13.39676349,6.39625,0.271556017
C2,25.34454277,21.27188797,6.39625,0.543112033
C2,25.34454277,22.99174274,6.39625,0.452593361
C2,36.84010324,30.77634855,6.39625,0.362074689
C2,36.84010324,26.61248963,6.39625,0.271556017
C2,26.70228614,23.17278008,6.39625,0.271556017
C2,36.2970059,32.94879668,6.39625,0.271556017
C2,38.19784661,30.41427386,6.39625,0.362074689
C2,39.10300885,30.5953112,6.39625,0.271556017
C2,49.60289086,12.0389834,6.39625,0.362074689
C2,28.78415929,23.4443361,6.39625,0.271556017
C2,23.80576696,14.57350622,6.39625,0.271556017
C2,14.12053097,7.241493776,6.39625,0.271556017
C2,29.59880531,22.99174274,6.39625,0.362074689
C2,59.37864307,26.97456432,6.39625,0.271556017
C2,12.58175516,23.80641079,6.39625,0.271556017
C2,34.03410029,18.19425311,6.39625,0.271556017
C2,24.62041298,12.22002075,6.39625,0.362074689
C2,15.29724189,22.08655602,6.39625,0.452593361
C2,54.58128319,22.35811203,6.39625,0.452593361
C2,9.685235988,36.4790249,6.39625,0.452593361
C2,24.34886431,22.08655602,6.39625,0.271556017
C2,37.74526549,26.88404564,6.39625,0.271556017
C2,27.6979646,22.72018672,6.39625,0.362074689
C2,32.40480826,28.3323444,6.39625,0.362074689
C2,12.12917404,25.0736722,6.39625,0.362074689
C2,30.3229351,22.53914938,6.39625,0.271556017
C2,17.92221239,5.34060166,6.39625,0.362074689
C2,60.64587021,28.42286307,6.39625,0.452593361
C2,31.59016224,27.336639,6.39625,0.271556017
C2,25.16351032,20.00462656,6.39625,0.271556017
C2,36.11597345,29.59960581,6.39625,0.271556017
C2,23.98679941,10.77172199,6.39625,0.271556017
C2,32.76687316,29.23753112,6.39625,0.271556017
C2,18.64634218,10.13809129,6.39625,0.362074689
C2,23.44370206,16.83647303,6.39625,0.362074689
C2,50.77960177,41.91014523,6.39625,0.543112033
C2,24.98247788,22.35811203,6.39625,0.271556017
C2,36.38752212,32.31516598,6.39625,0.271556017
C2,27.24538348,25.25470954,6.39625,0.271556017
C2,22.26699115,21.815,6.39625,0.271556017
C2,27.60744838,26.15989627,6.39625,0.271556017
C2,44.8960472,13.84935685,6.39625,0.271556017
C2,22.90060472,14.75454357,6.39625,0.452593361
C2,36.6590708,32.49620332,6.39625,0.271556017
C2,42.99520649,30.23323651,6.39625,0.362074689
C1,29.87035398,20.90981328,6.02,0.271556017
C1,51.68476401,40.82392116,6.02,0.452593361
C1,51.68476401,42.09118257,6.02,0.362074689
C1,30.77551622,26.52197095,6.02,0.452593361
C1,28.60312684,21.45292531,6.02,0.271556017
C1,28.4220944,26.34093361,6.02,0.362074689
C1,53.04250737,41.00495851,6.02,0.362074689
C1,28.69364307,24.62107884,6.02,0.271556017
C1,37.20216814,26.61248963,6.02,0.271556017
C1,29.96087021,27.78923237,6.02,0.271556017
C1,23.80576696,10.86224066,6.02,0.362074689
C1,22.90060472,20.09514523,6.02,0.543112033
C1,10.40936578,11.13379668,6.02,0.362074689
C1,36.47803835,24.16848548,6.02,0.452593361
C1,50.68908555,38.47043568,6.02,0.362074689
C1,28.96519174,20.36670124,6.02,0.362074689
C1,17.83169617,6.698381743,6.02,0.362074689
C1,36.84010324,31.31946058,6.02,0.362074689
C1,30.23241888,25.88834025,6.02,0.271556017
C1,35.84442478,27.42715768,6.02,0.271556017
C1,27.15486726,20.09514523,6.02,0.362074689
C1,27.15486726,25.16419087,6.02,0.362074689
C1,26.24970501,26.52197095,6.02,0.362074689
C1,25.34454277,20.63825726,6.02,0.543112033
C1,38.01681416,30.23323651,6.02,0.271556017
C1,45.07707965,35.12124481,6.02,0.271556017
C1,40.09868732,31.13842324,6.02,0.362074689
C1,27.24538348,18.01321577,6.02,0.271556017
C1,36.56855457,26.52197095,6.02,0.271556017
C1,51.14166667,39.7376971,6.02,0.271556017
C1,28.33157817,23.26329876,6.02,0.271556017
C1,34.39616519,26.7030083,6.02,0.271556017
C1,26.97383481,21.09085062,6.02,0.271556017
C1,27.42641593,26.34093361,6.02,0.362074689
C1,24.80144543,21.27188797,6.02,0.362074689
C1,37.47371681,29.59960581,6.02,0.271556017
C1,24.25834808,22.99174274,6.02,0.362074689
C1,46.88740413,34.03502075,6.02,0.271556017
C1,33.94358407,24.89263485,6.02,0.362074689
C1,37.11165192,25.43574689,6.02,0.271556017
C1,25.97815634,25.79782158,6.02,0.271556017
C1,42.36159292,33.49190871,6.02,0.271556017
C1,27.51693215,20.90981328,6.02,0.271556017
C1,36.20648968,25.52626556,6.02,0.271556017
C1,27.60744838,22.72018672,6.02,0.271556017
C1,29.05570796,23.35381743,6.02,0.362074689
C2,27.33589971,20.45721992,6.02,0.543112033
C2,25.34454277,21.45292531,6.02,0.362074689
C2,22.8100885,14.75454357,6.02,0.271556017
C2,26.52125369,21.63396266,6.02,0.271556017
C2,32.49532448,28.3323444,6.02,0.362074689
C2,60.73638643,28.42286307,6.02,0.362074689
C2,15.11620944,22.17707469,6.02,0.362074689
C2,23.53421829,13.48728216,6.02,0.271556017
C2,30.3229351,22.53914938,6.02,0.271556017
C2,23.44370206,16.83647303,6.02,0.362074689
C2,23.44370206,12.94417012,6.02,0.543112033
C2,27.96951327,25.25470954,6.02,0.271556017
C2,28.96519174,23.53485477,6.02,0.271556017
C2,29.68932153,22.99174274,6.02,0.271556017
C2,17.92221239,5.431120332,6.02,0.271556017
C2,12.03865782,25.0736722,6.02,0.362074689
C2,22.17647493,21.815,6.02,0.271556017
C2,9.594719764,36.38850622,6.02,0.362074689
C2,54.58128319,22.44863071,6.02,0.452593361
C2,27.6979646,22.81070539,6.02,0.271556017
C2,24.80144543,12.12950207,6.02,0.452593361
C2,20.18511799,6.245788382,6.02,0.271556017
C2,31.22809735,28.06078838,6.02,0.271556017
C2,31.59016224,27.336639,6.02,0.271556017
C2,26.97383481,24.98315353,6.02,0.362074689
C2,39.10300885,30.5953112,6.02,0.271556017
C2,36.74958702,30.95738589,6.02,0.452593361
C2,35.75390855,4.52593361,6.02,0.271556017
C2,37.92629794,25.52626556,6.02,0.362074689
C2,36.93061947,26.7030083,6.02,0.271556017
C2,25.52557522,20.63825726,6.02,0.271556017
C2,37.74526549,26.97456432,6.02,0.271556017
C2,27.15486726,23.71589212,6.02,0.271556017
C2,23.62473451,14.6640249,6.02,0.271556017
C2,24.34886431,22.08655602,6.02,0.271556017
C2,36.02545723,29.59960581,6.02,0.271556017
C2,9.866268437,12.40105809,6.02,0.362074689
C2,34.03410029,28.42286307,6.02,0.452593361
C2,50.96063422,42.09118257,6.02,0.452593361
C2,32.85738938,27.60819502,6.02,0.271556017
C2,22.4480236,20.1856639,6.02,0.362074689
C2,25.0729941,20.00462656,6.02,0.271556017
C1,51.50373156,40.82392116,5.64375,0.362074689
C1,36.47803835,25.43574689,5.64375,0.362074689
C1,37.92629794,30.23323651,5.64375,0.271556017
C1,27.51693215,26.34093361,5.64375,0.271556017
C1,17.83169617,6.698381743,5.64375,0.271556017
C1,51.05115044,39.82821577,5.64375,0.271556017
C1,28.4220944,26.43145228,5.64375,0.362074689
C1,30.685,26.52197095,5.64375,0.452593361
C1,22.53853982,20.63825726,5.64375,0.271556017
C1,29.87035398,20.90981328,5.64375,0.271556017
C1,22.8100885,20.09514523,5.64375,0.543112033
C1,21.90492625,10.22860996,5.64375,0.452593361
C1,28.69364307,21.45292531,5.64375,0.271556017
C1,28.69364307,20.36670124,5.64375,0.271556017
C1,20.09460177,7.875124481,5.64375,0.362074689
C1,35.84442478,24.62107884,5.64375,0.271556017
C1,37.11165192,26.61248963,5.64375,0.452593361
C1,19.64202065,6.064751037,5.64375,0.271556017
C1,21.81441003,22.35811203,5.64375,0.271556017
C1,40.09868732,31.13842324,5.64375,0.362074689
C1,27.60744838,22.72018672,5.64375,0.271556017
C1,26.97383481,25.25470954,5.64375,0.271556017
C1,24.80144543,21.45292531,5.64375,0.543112033
C1,24.25834808,21.27188797,5.64375,0.271556017
C1,47.24946903,37.29369295,5.64375,0.271556017
C1,20.54718289,12.40105809,5.64375,0.452593361
C1,34.21513274,25.25470954,5.64375,0.271556017
C1,29.50828909,19.82358921,5.64375,0.271556017
C1,30.14190265,27.24612033,5.64375,0.271556017
C1,26.06867257,18.64684647,5.64375,0.362074689
C1,29.68932153,25.88834025,5.64375,0.543112033
C1,24.16783186,15.93128631,5.64375,0.271556017
C1,35.12029499,27.97026971,5.64375,0.271556017
C1,37.38320059,29.59960581,5.64375,0.271556017
C1,51.68476401,42.0006639,5.64375,0.362074689
C1,24.7109292,22.08655602,5.64375,0.271556017
C1,20.36615044,6.426825726,5.64375,0.271556017
C1,27.15486726,21.00033195,5.64375,0.362074689
C1,18.64634218,6.517344398,5.64375,0.271556017
C1,28.87467552,28.42286307,5.64375,0.362074689
C1,30.41345133,25.43574689,5.64375,0.271556017
C1,29.05570796,27.24612033,5.64375,0.271556017
C1,29.96087021,27.69871369,5.64375,0.362074689
C1,24.07731563,22.08655602,5.64375,0.271556017
C1,25.70660767,19.46151452,5.64375,0.271556017
C1,23.71525074,21.36240664,5.64375,0.271556017
C1,46.79688791,37.92732365,5.64375,0.271556017
C1,17.74117994,4.616452282,5.64375,0.452593361
C1,50.59856932,38.47043568,5.64375,0.452593361
C1,28.78415929,23.53485477,5.64375,0.271556017
C1,32.85738938,26.52197095,5.64375,0.362074689
C1,49.05979351,38.83251037,5.64375,0.452593361
C1,35.934941,27.42715768,5.64375,0.271556017
C1,52.22786136,41.27651452,5.64375,0.271556017
C2,23.35318584,16.83647303,5.64375,0.362074689
C2,37.92629794,25.61678423,5.64375,0.271556017
C2,27.24538348,20.45721992,5.64375,0.452593361
C2,27.24538348,23.80641079,5.64375,0.271556017
C2,22.71957227,14.75454357,5.64375,0.452593361
C2,22.71957227,17.65114108,5.64375,0.271556017
C2,22.71957227,22.08655602,5.64375,0.271556017
C2,22.71957227,11.04327801,5.64375,0.271556017
C2,32.40480826,28.51338174,5.64375,0.543112033
C2,24.80144543,12.12950207,5.64375,0.452593361
C2,26.88331858,24.98315353,5.64375,0.271556017
C2,20.45666667,9.776016598,5.64375,0.362074689
C2,15.20672566,21.99603734,5.64375,0.362074689
C2,36.56855457,30.95738589,5.64375,0.271556017
C2,31.22809735,28.06078838,5.64375,0.271556017
C2,31.22809735,27.06508299,5.64375,0.543112033
C2,34.12461652,28.24182573,5.64375,0.362074689
C2,29.59880531,23.08226141,5.64375,0.271556017
C2,29.59880531,21.09085062,5.64375,0.271556017
C2,38.19784661,29.78064315,5.64375,0.271556017
C2,16.11188791,4.978526971,5.64375,0.362074689
C2,22.53853982,15.2976556,5.64375,0.271556017
C2,25.25402655,21.36240664,5.64375,0.452593361
C2,19.91356932,10.13809129,5.64375,0.271556017
C2,28.78415929,23.53485477,5.64375,0.271556017
C2,20.18511799,6.245788382,5.64375,0.271556017
C2,53.04250737,12.58209544,5.64375,0.271556017
C2,17.74117994,14.12091286,5.64375,0.362074689
C2,30.3229351,22.53914938,5.64375,0.362074689
C2,23.44370206,13.48728216,5.64375,0.271556017
C2,29.14622419,27.15560166,5.64375,0.271556017
C2,26.34022124,21.63396266,5.64375,0.271556017
C2,11.94814159,25.16419087,5.64375,0.362074689
C2,42.36159292,25.97885892,5.64375,0.271556017
C2,22.26699115,21.90551867,5.64375,0.452593361
C2,22.26699115,20.1856639,5.64375,0.271556017
C2,16.92653392,4.797489627,5.64375,0.271556017
C2,9.594719764,36.38850622,5.64375,0.362074689
C2,37.47371681,24.71159751,5.64375,0.271556017
C2,50.96063422,42.09118257,5.64375,0.362074689
C2,36.38752212,25.52626556,5.64375,0.271556017
C2,23.17215339,15.93128631,5.64375,0.271556017
C2,60.73638643,28.42286307,5.64375,0.452593361
C2,30.59448378,28.3323444,5.64375,0.271556017
C2,27.78848083,22.90122407,5.64375,0.271556017
C2,22.4480236,11.49587137,5.64375,0.543112033
C1,36.47803835,25.43574689,5.2675,0.452593361
C1,20.54718289,12.49157676,5.2675,0.452593361
C1,35.84442478,24.62107884,5.2675,0.271556017
C1,21.90492625,10.22860996,5.2675,0.452593361
C1,19.55150442,6.15526971,5.2675,0.362074689
C1,36.56855457,26.97456432,5.2675,0.271556017
C1,37.02113569,26.52197095,5.2675,0.543112033
C1,29.68932153,26.25041494,5.2675,0.452593361
C1,22.62905605,22.08655602,5.2675,0.362074689
C1,20.09460177,7.875124481,5.2675,0.362074689
C1,36.2970059,24.44004149,5.2675,0.271556017
C1,32.76687316,26.61248963,5.2675,0.271556017
C1,17.74117994,4.616452282,5.2675,0.452593361
C1,34.21513274,25.25470954,5.2675,0.271556017
C1,35.57287611,26.25041494,5.2675,0.271556017
C1,18.64634218,6.517344398,5.2675,0.271556017
C1,18.64634218,4.616452282,5.2675,0.271556017
C1,26.06867257,18.64684647,5.2675,0.271556017
C1,24.16783186,21.45292531,5.2675,0.271556017
C1,24.7109292,21.72448133,5.2675,0.543112033
C1,50.87011799,39.7376971,5.2675,0.362074689
C1,37.92629794,30.23323651,5.2675,0.362074689
C1,26.24970501,20.09514523,5.2675,0.271556017
C1,29.14622419,27.336639,5.2675,0.362074689
C1,31.40912979,25.61678423,5.2675,0.271556017
C1,35.21081121,24.25900415,5.2675,0.271556017
C1,24.25834808,22.81070539,5.2675,0.271556017
C1,23.98679941,22.08655602,5.2675,0.271556017
C1,19.37047198,9.957053942,5.2675,0.271556017
C1,30.41345133,26.7030083,5.2675,0.271556017
C1,23.35318584,14.03039419,5.2675,0.362074689
C1,27.51693215,22.62966805,5.2675,0.271556017
C1,27.51693215,26.34093361,5.2675,0.362074689
C1,23.80576696,15.02609959,5.2675,0.271556017
C1,22.90060472,19.91410788,5.2675,0.543112033
C1,30.05138643,27.15560166,5.2675,0.271556017
C1,30.95654867,26.34093361,5.2675,0.271556017
C1,21.45234513,8.870829876,5.2675,0.271556017
C1,29.41777286,19.82358921,5.2675,0.271556017
C1,17.46963127,6.426825726,5.2675,0.271556017
C1,28.24106195,26.43145228,5.2675,0.271556017
C1,25.34454277,13.12520747,5.2675,0.362074689
C1,38.83146018,25.7073029,5.2675,0.271556017
C1,38.37887906,26.52197095,5.2675,0.271556017
C2,16.11188791,5.069045643,5.2675,0.362074689
C2,23.08163717,16.83647303,5.2675,0.362074689
C2,20.36615044,9.776016598,5.2675,0.543112033
C2,22.53853982,15.2976556,5.2675,0.271556017
C2,31.31861357,27.06508299,5.2675,0.362074689
C2,16.92653392,4.797489627,5.2675,0.271556017
C2,15.84033923,13.84935685,5.2675,0.271556017
C2,28.4220944,21.45292531,5.2675,0.271556017
C2,24.89196165,12.0389834,5.2675,0.452593361
C2,19.91356932,10.13809129,5.2675,0.271556017
C2,19.91356932,9.232904564,5.2675,0.271556017
C2,19.91356932,33.8539834,5.2675,0.362074689
C2,22.71957227,17.65114108,5.2675,0.271556017
C2,18.46530973,27.69871369,5.2675,0.362074689
C2,27.24538348,23.80641079,5.2675,0.271556017
C2,27.24538348,22.17707469,5.2675,0.271556017
C2,32.31429204,28.78493776,5.2675,0.543112033
C2,24.80144543,17.19854772,5.2675,0.271556017
C2,29.05570796,26.25041494,5.2675,0.271556017
C2,29.05570796,27.15560166,5.2675,0.271556017
C2,27.96951327,25.25470954,5.2675,0.362074689
C2,37.83578171,25.61678423,5.2675,0.362074689
C2,30.685,26.61248963,5.2675,0.271556017
C2,26.70228614,18.37529046,5.2675,0.362074689
C2,31.40912979,28.15130705,5.2675,0.271556017
C2,26.79280236,24.98315353,5.2675,0.271556017
C2,22.4480236,22.08655602,5.2675,0.362074689
C2,30.59448378,28.3323444,5.2675,0.271556017
C2,26.52125369,20.54773859,5.2675,0.271556017
C2,29.59880531,21.09085062,5.2675,0.271556017
C2,53.31405605,14.03039419,5.2675,0.271556017
C2,24.7109292,15.02609959,5.2675,0.271556017
C2,41.45643068,26.06937759,5.2675,0.271556017
C2,19.73253687,7.875124481,5.2675,0.362074689
C2,36.20648968,23.98744813,5.2675,0.362074689
C2,30.14190265,24.53056017,5.2675,0.362074689
C2,20.90924779,23.98744813,5.2675,0.271556017
C2,20.81873156,7.603568465,5.2675,0.362074689
C2,27.06435103,20.63825726,5.2675,0.452593361
C2,22.35750737,11.31483402,5.2675,0.543112033
C2,29.77983776,26.61248963,5.2675,0.271556017
C2,33.03842183,26.88404564,5.2675,0.271556017
C2,38.19784661,29.78064315,5.2675,0.362074689
C2,25.79712389,20.54773859,5.2675,0.452593361
C2,24.25834808,12.85365145,5.2675,0.271556017
C2,34.12461652,28.3323444,5.2675,0.362074689
C2,33.6720354,27.51767635,5.2675,0.271556017
C2,10.68091445,33.67294606,5.2675,0.362074689
C2,30.50396755,22.08655602,5.2675,0.271556017
C2,6.064587021,22.44863071,5.2675,0.271556017
C2,19.0989233,7.513049793,5.2675,0.543112033
C1,36.38752212,25.52626556,4.89125,0.543112033
C1,36.93061947,26.52197095,4.89125,0.543112033
C1,20.45666667,12.40105809,4.89125,0.452593361
C1,36.56855457,26.97456432,4.89125,0.271556017
C1,21.99544248,10.22860996,4.89125,0.452593361
C1,35.57287611,26.34093361,4.89125,0.271556017
C1,29.59880531,26.15989627,4.89125,0.543112033
C1,19.55150442,6.245788382,4.89125,0.452593361
C1,32.49532448,27.69871369,4.89125,0.452593361
C1,29.05570796,26.34093361,4.89125,0.271556017
C1,31.40912979,25.61678423,4.89125,0.271556017
C1,24.25834808,22.72018672,4.89125,0.271556017
C1,22.62905605,19.46151452,4.89125,0.271556017
C1,22.62905605,22.08655602,4.89125,0.362074689
C1,38.83146018,25.79782158,4.89125,0.271556017
C1,38.83146018,26.43145228,4.89125,0.271556017
C1,23.71525074,15.02609959,4.89125,0.271556017
C1,23.71525074,20.1856639,4.89125,0.271556017
C1,17.74117994,4.52593361,4.89125,0.362074689
C1,36.2970059,24.44004149,4.89125,0.271556017
C1,32.67635693,26.52197095,4.89125,0.271556017
C1,30.95654867,27.336639,4.89125,0.271556017
C1,29.77983776,25.34522822,4.89125,0.271556017
C1,23.98679941,20.90981328,4.89125,0.271556017
C1,34.30564897,25.25470954,4.89125,0.271556017
C1,27.06435103,23.08226141,4.89125,0.271556017
C1,18.55582596,6.517344398,4.89125,0.271556017
C1,24.16783186,21.45292531,4.89125,0.543112033
C1,26.24970501,20.09514523,4.89125,0.271556017
C1,50.68908555,39.7376971,4.89125,0.271556017
C1,26.97383481,21.54344398,4.89125,0.271556017
C1,20.00408555,7.965643154,4.89125,0.452593361
C1,24.7109292,21.54344398,4.89125,0.271556017
C1,24.7109292,22.08655602,4.89125,0.271556017
C1,23.17215339,14.03039419,4.89125,0.362074689
C1,20.72821534,9.776016598,4.89125,0.271556017
C1,18.82737463,15.20713693,4.89125,0.362074689
C1,29.23674041,27.60819502,4.89125,0.362074689
C1,21.45234513,8.870829876,4.89125,0.271556017
C1,35.30132743,24.25900415,4.89125,0.271556017
C1,23.53421829,23.98744813,4.89125,0.271556017
C1,23.53421829,21.18136929,4.89125,0.271556017
C1,34.75823009,27.69871369,4.89125,0.362074689
C1,27.42641593,22.62966805,4.89125,0.271556017
C1,21.90492625,11.49587137,4.89125,0.271556017
C1,40.46075221,32.67724066,4.89125,0.271556017
C1,24.89196165,14.75454357,4.89125,0.271556017
C1,24.89196165,24.0779668,4.89125,0.271556017
C1,16.4739528,8.23719917,4.89125,0.362074689
C1,22.4480236,18.46580913,4.89125,0.271556017
C1,25.97815634,22.72018672,4.89125,0.271556017
C1,17.37911504,6.336307054,4.89125,0.271556017
C2,31.31861357,27.06508299,4.89125,0.362074689
C2,20.36615044,9.776016598,4.89125,0.543112033
C2,16.02137168,5.069045643,4.89125,0.452593361
C2,16.92653392,4.797489627,4.89125,0.271556017
C2,18.46530973,27.69871369,4.89125,0.362074689
C2,24.7109292,17.19854772,4.89125,0.362074689
C2,24.7109292,12.85365145,4.89125,0.271556017
C2,19.91356932,9.323423237,4.89125,0.271556017
C2,19.91356932,33.8539834,4.89125,0.362074689
C2,27.96951327,25.34522822,4.89125,0.362074689
C2,19.73253687,7.694087137,4.89125,0.362074689
C2,30.50396755,26.52197095,4.89125,0.271556017
C2,28.4220944,21.45292531,4.89125,0.362074689
C2,25.70660767,20.63825726,4.89125,0.362074689
C2,31.49964602,28.24182573,4.89125,0.271556017
C2,29.14622419,26.34093361,4.89125,0.362074689
C2,22.8100885,17.01751037,4.89125,0.543112033
C2,26.43073746,20.54773859,4.89125,0.271556017
C2,26.61176991,18.37529046,4.89125,0.362074689
C2,15.84033923,13.75883817,4.89125,0.362074689
C2,20.99976401,7.694087137,4.89125,0.271556017
C2,20.99976401,5.250082988,4.89125,0.271556017
C2,32.31429204,28.60390041,4.89125,0.543112033
C2,25.0729941,17.9226971,4.89125,0.271556017
C2,25.0729941,11.85794606,4.89125,0.452593361
C2,24.16783186,19.5520332,4.89125,0.271556017
C2,30.05138643,24.53056017,4.89125,0.362074689
C2,18.82737463,7.42253112,4.89125,0.543112033
C2,18.64634218,9.86653527,4.89125,0.271556017
C2,20.09460177,8.780311203,4.89125,0.271556017
C2,22.53853982,15.2976556,4.89125,0.362074689
C2,54.03818584,33.94450207,4.89125,0.362074689
C2,31.40912979,21.99603734,4.89125,0.271556017
C2,53.22353982,14.03039419,4.89125,0.271556017
C2,29.77983776,26.79352697,4.89125,0.271556017
C2,6.064587021,22.53914938,4.89125,0.271556017
C2,15.29724189,12.94417012,4.89125,0.271556017
C2,29.41777286,25.16419087,4.89125,0.271556017
C2,33.12893805,26.97456432,4.89125,0.271556017
C2,27.15486726,22.08655602,4.89125,0.362074689
C2,21.81441003,22.53914938,4.89125,0.271556017
C2,22.26699115,11.31483402,4.89125,0.543112033
C2,22.4480236,14.6640249,4.89125,0.271556017
C2,29.05570796,27.336639,4.89125,0.362074689
C2,32.76687316,26.43145228,4.89125,0.271556017
C2,29.96087021,25.88834025,4.89125,0.271556017
C2,41.36591445,26.06937759,4.89125,0.362074689
C1,36.84010324,26.43145228,4.515,0.543112033
C1,36.38752212,25.52626556,4.515,0.452593361
C1,21.99544248,10.22860996,4.515,0.362074689
C1,35.57287611,26.34093361,4.515,0.271556017
C1,32.49532448,27.69871369,4.515,0.452593361
C1,29.59880531,26.15989627,4.515,0.543112033
C1,22.62905605,19.46151452,4.515,0.271556017
C1,19.64202065,6.245788382,4.515,0.452593361
C1,20.45666667,12.31053942,4.515,0.452593361
C1,24.25834808,22.72018672,4.515,0.271556017
C1,23.80576696,20.1856639,4.515,0.271556017
C1,20.72821534,9.776016598,4.515,0.271556017
C1,18.82737463,15.20713693,4.515,0.362074689
C1,27.06435103,21.63396266,4.515,0.271556017
C1,27.06435103,23.08226141,4.515,0.271556017
C1,21.90492625,11.49587137,4.515,0.271556017
C1,23.62473451,14.93558091,4.515,0.271556017
C1,16.4739528,8.146680498,4.515,0.362074689
C1,38.83146018,25.79782158,4.515,0.271556017
C1,24.80144543,24.0779668,4.515,0.271556017
C1,31.59016224,25.61678423,4.515,0.362074689
C1,23.89628319,21.00033195,4.515,0.543112033
C1,23.53421829,23.98744813,4.515,0.271556017
C1,24.16783186,21.63396266,4.515,0.271556017
C1,17.74117994,6.969937759,4.515,0.271556017
C1,29.14622419,27.51767635,4.515,0.362074689
C1,24.7109292,18.37529046,4.515,0.362074689
C1,24.89196165,14.75454357,4.515,0.271556017
C1,25.79712389,21.36240664,4.515,0.271556017
C1,18.91789086,7.42253112,4.515,0.271556017
C1,26.52125369,22.35811203,4.515,0.271556017
C1,19.00840708,13.0346888,4.515,0.271556017
C1,18.64634218,6.517344398,4.515,0.271556017
C1,25.97815634,22.72018672,4.515,0.362074689
C1,25.435059,13.21572614,4.515,0.452593361
C1,22.4480236,18.46580913,4.515,0.271556017
C1,30.95654867,27.336639,4.515,0.362074689
C1,21.72389381,12.58209544,4.515,0.362074689
C2,19.73253687,7.694087137,4.515,0.362074689
C2,24.7109292,17.19854772,4.515,0.362074689
C2,25.70660767,20.63825726,4.515,0.362074689
C2,31.31861357,27.15560166,4.515,0.362074689
C2,20.54718289,9.957053942,4.515,0.543112033
C2,31.49964602,28.24182573,4.515,0.271556017
C2,18.64634218,7.513049793,4.515,0.362074689
C2,27.96951327,25.34522822,4.515,0.362074689
C2,30.50396755,26.52197095,4.515,0.362074689
C2,16.02137168,5.069045643,4.515,0.452593361
C2,16.92653392,4.888008299,4.515,0.271556017
C2,26.43073746,20.54773859,4.515,0.271556017
C2,18.37479351,27.69871369,4.515,0.362074689
C2,29.14622419,26.34093361,4.515,0.362074689
C2,54.03818584,33.94450207,4.515,0.362074689
C2,20.90924779,7.694087137,4.515,0.271556017
C2,20.09460177,8.870829876,4.515,0.271556017
C2,23.80576696,13.48728216,4.515,0.271556017
C2,13.4869174,29.59960581,4.515,0.271556017
C2,22.53853982,17.28906639,4.515,0.362074689
C2,24.16783186,19.5520332,4.515,0.271556017
C2,28.4220944,21.45292531,4.515,0.362074689
C2,21.90492625,24.44004149,4.515,0.271556017
C2,24.43938053,12.67261411,4.515,0.543112033
C2,26.70228614,18.64684647,4.515,0.452593361
C2,32.31429204,28.3323444,4.515,0.543112033
C2,29.96087021,24.44004149,4.515,0.362074689
C2,31.40912979,21.99603734,4.515,0.271556017
C2,19.91356932,33.8539834,4.515,0.362074689
C2,2.987035398,42.81533195,4.515,0.362074689
C2,49.87443953,13.48728216,4.515,0.271556017
C2,25.0729941,17.9226971,4.515,0.271556017
C2,20.45666667,6.969937759,4.515,0.271556017
C2,24.98247788,12.40105809,4.515,0.271556017
C2,25.97815634,18.91840249,4.515,0.271556017
C2,22.71957227,11.22431535,4.515,0.452593361
C2,29.41777286,25.16419087,4.515,0.271556017
C2,18.55582596,9.776016598,4.515,0.362074689
C2,35.75390855,26.25041494,4.515,0.271556017
C2,23.71525074,12.94417012,4.515,0.271556017
C2,23.53421829,17.37958506,4.515,0.271556017
C2,24.34886431,14.03039419,4.515,0.271556017
C2,15.74982301,13.75883817,4.515,0.452593361
C2,15.29724189,12.76313278,4.515,0.362074689
C1,36.47803835,26.43145228,4.13875,0.543112033
C1,29.59880531,26.15989627,4.13875,0.543112033
C1,17.65066372,6.969937759,4.13875,0.271556017
C1,29.14622419,27.42715768,4.13875,0.271556017
C1,24.07731563,20.90981328,4.13875,0.271556017
C1,24.07731563,23.4443361,4.13875,0.271556017
C1,21.63337758,12.40105809,4.13875,0.362074689
C1,27.06435103,21.63396266,4.13875,0.271556017
C1,32.49532448,27.69871369,4.13875,0.452593361
C1,15.20672566,13.57780083,4.13875,0.271556017
C1,25.88764012,21.36240664,4.13875,0.271556017
C1,26.52125369,22.35811203,4.13875,0.271556017
C1,21.90492625,11.49587137,4.13875,0.271556017
C1,21.90492625,10.13809129,4.13875,0.362074689
C1,19.64202065,6.245788382,4.13875,0.452593361
C1,24.16783186,22.72018672,4.13875,0.271556017
C1,23.80576696,20.1856639,4.13875,0.271556017
C1,28.78415929,20.36670124,4.13875,0.271556017
C1,18.82737463,15.20713693,4.13875,0.362074689
C1,18.82737463,6.517344398,4.13875,0.271556017
C1,24.62041298,18.37529046,4.13875,0.452593361
C1,24.80144543,24.0779668,4.13875,0.271556017
C1,20.45666667,12.0389834,4.13875,0.271556017
C1,31.59016224,25.61678423,4.13875,0.271556017
C1,27.87899705,19.46151452,4.13875,0.271556017
C1,20.72821534,9.685497925,4.13875,0.452593361
C1,22.62905605,19.46151452,4.13875,0.362074689
C1,16.4739528,8.056161826,4.13875,0.452593361
C1,25.61609145,21.99603734,4.13875,0.271556017
C1,25.61609145,24.53056017,4.13875,0.271556017
C1,25.435059,13.84935685,4.13875,0.271556017
C1,37.92629794,26.7030083,4.13875,0.271556017
C1,25.34454277,13.30624481,4.13875,0.543112033
C1,25.16351032,23.17278008,4.13875,0.271556017
C1,18.64634218,7.513049793,4.13875,0.271556017
C1,23.98679941,21.72448133,4.13875,0.271556017
C1,22.35750737,13.0346888,4.13875,0.271556017
C1,24.7109292,22.17707469,4.13875,0.271556017
C1,19.0989233,8.870829876,4.13875,0.362074689
C1,19.0989233,12.94417012,4.13875,0.362074689
C1,22.90060472,11.22431535,4.13875,0.271556017
C1,31.40912979,24.80211618,4.13875,0.271556017
C1,36.11597345,25.25470954,4.13875,0.271556017
C1,26.88331858,27.06508299,4.13875,0.362074689
C1,30.50396755,26.43145228,4.13875,0.271556017
C1,28.4220944,26.06937759,4.13875,0.271556017
C1,23.62473451,14.75454357,4.13875,0.543112033
C1,22.99112094,17.19854772,4.13875,0.271556017
C1,23.53421829,23.98744813,4.13875,0.271556017
C2,19.73253687,7.694087137,4.13875,0.271556017
C2,24.25834808,12.58209544,4.13875,0.271556017
C2,20.63769912,10.13809129,4.13875,0.543112033
C2,18.64634218,7.513049793,4.13875,0.452593361
C2,30.50396755,26.61248963,4.13875,0.452593361
C2,25.79712389,20.63825726,4.13875,0.452593361
C2,24.62041298,17.28906639,4.13875,0.362074689
C2,26.43073746,20.54773859,4.13875,0.271556017
C2,24.7109292,13.0346888,4.13875,0.271556017
C2,20.54718289,7.060456432,4.13875,0.271556017
C2,22.8100885,11.31483402,4.13875,0.271556017
C2,16.02137168,5.069045643,4.13875,0.452593361
C2,23.71525074,13.57780083,4.13875,0.362074689
C2,31.22809735,26.97456432,4.13875,0.271556017
C2,54.03818584,33.94450207,4.13875,0.362074689
C2,13.4869174,29.50908714,4.13875,0.271556017
C2,19.4609882,5.612157676,4.13875,0.271556017
C2,6.336135693,21.99603734,4.13875,0.271556017
C2,21.54286136,13.39676349,4.13875,0.271556017
C2,22.53853982,17.28906639,4.13875,0.271556017
C2,22.53853982,9.142385892,4.13875,0.271556017
C2,24.34886431,14.12091286,4.13875,0.271556017
C2,27.96951327,25.34522822,4.13875,0.543112033
C2,20.36615044,14.03039419,4.13875,0.452593361
C2,27.24538348,23.35381743,4.13875,0.271556017
C2,31.59016224,28.3323444,4.13875,0.452593361
C2,29.23674041,26.43145228,4.13875,0.452593361
C2,25.0729941,12.40105809,4.13875,0.271556017
C2,35.75390855,26.25041494,4.13875,0.271556017
C2,20.00408555,9.413941909,4.13875,0.271556017
C2,20.90924779,7.784605809,4.13875,0.271556017
C2,2.987035398,42.81533195,4.13875,0.362074689
C2,21.90492625,24.53056017,4.13875,0.362074689
C2,46.61585546,22.44863071,4.13875,0.271556017
C2,24.43938053,11.4053527,4.13875,0.271556017
C2,26.06867257,18.91840249,4.13875,0.271556017
C2,26.70228614,18.5563278,4.13875,0.543112033
C2,23.26266962,14.12091286,4.13875,0.271556017
C2,18.82737463,6.336307054,4.13875,0.271556017
C2,19.91356932,8.961348548,4.13875,0.362074689
C2,32.40480826,27.24612033,4.13875,0.271556017
C2,29.41777286,25.16419087,4.13875,0.362074689
C2,28.15054572,21.09085062,4.13875,0.543112033
C2,22.62905605,13.75883817,4.13875,0.271556017
C2,23.89628319,18.46580913,4.13875,0.271556017
C1,21.72389381,12.49157676,3.7625,0.543112033
C1,29.59880531,26.34093361,3.7625,0.543112033
C1,29.14622419,27.42715768,3.7625,0.362074689
C1,24.25834808,22.62966805,3.7625,0.271556017
C1,26.52125369,22.44863071,3.7625,0.271556017
C1,23.98679941,18.64684647,3.7625,0.452593361
C1,25.70660767,22.08655602,3.7625,0.271556017
C1,25.70660767,24.44004149,3.7625,0.362074689
C1,36.38752212,26.34093361,3.7625,0.543112033
C1,28.60312684,19.5520332,3.7625,0.543112033
C1,27.51693215,26.25041494,3.7625,0.362074689
C1,17.65066372,6.879419087,3.7625,0.362074689
C1,28.78415929,20.36670124,3.7625,0.271556017
C1,20.45666667,11.94846473,3.7625,0.271556017
C1,20.90924779,9.323423237,3.7625,0.271556017
C1,22.35750737,13.0346888,3.7625,0.271556017
C1,22.35750737,8.780311203,3.7625,0.271556017
C1,19.64202065,6.517344398,3.7625,0.271556017
C1,25.79712389,21.36240664,3.7625,0.271556017
C1,27.06435103,21.63396266,3.7625,0.271556017
C1,20.54718289,5.793195021,3.7625,0.271556017
C1,25.16351032,13.39676349,3.7625,0.543112033
C1,25.16351032,23.17278008,3.7625,0.271556017
C1,24.98247788,18.64684647,3.7625,0.543112033
C1,24.62041298,17.83217842,3.7625,0.271556017
C1,17.1980826,10.31912863,3.7625,0.362074689
C1,31.31861357,24.89263485,3.7625,0.271556017
C1,18.01272861,14.21143154,3.7625,0.362074689
C1,18.01272861,12.40105809,3.7625,0.271556017
C1,37.92629794,26.7030083,3.7625,0.362074689
C1,16.20240413,7.150975104,3.7625,0.271556017
C1,30.50396755,26.52197095,3.7625,0.271556017
C1,19.27995575,12.85365145,3.7625,0.271556017
C1,26.06867257,24.0779668,3.7625,0.271556017
C1,35.21081121,25.79782158,3.7625,0.271556017
C1,19.4609882,5.702676349,3.7625,0.271556017
C1,23.71525074,12.0389834,3.7625,0.271556017
C1,20.09460177,13.75883817,3.7625,0.362074689
C1,28.51261062,26.06937759,3.7625,0.271556017
C1,16.65498525,7.784605809,3.7625,0.543112033
C1,24.07731563,20.90981328,3.7625,0.452593361
C1,20.81873156,14.39246888,3.7625,0.271556017
C1,23.44370206,22.72018672,3.7625,0.271556017
C1,19.18943953,8.689792531,3.7625,0.452593361
C1,19.18943953,7.241493776,3.7625,0.271556017
C1,23.08163717,18.37529046,3.7625,0.271556017
C1,21.90492625,11.4053527,3.7625,0.271556017
C1,34.66771386,27.42715768,3.7625,0.271556017
C1,15.20672566,13.57780083,3.7625,0.362074689
C2,20.63769912,10.13809129,3.7625,0.543112033
C2,20.27563422,13.93987552,3.7625,0.271556017
C2,23.53421829,13.84935685,3.7625,0.362074689
C2,26.88331858,18.37529046,3.7625,0.271556017
C2,26.88331858,17.47010373,3.7625,0.362074689
C2,24.34886431,14.03039419,3.7625,0.271556017
C2,24.34886431,12.67261411,3.7625,0.452593361
C2,21.54286136,13.39676349,3.7625,0.271556017
C2,27.96951327,21.00033195,3.7625,0.271556017
C2,19.4609882,5.612157676,3.7625,0.271556017
C2,19.4609882,7.513049793,3.7625,0.362074689
C2,19.4609882,25.52626556,3.7625,0.271556017
C2,30.41345133,26.61248963,3.7625,0.543112033
C2,18.64634218,7.513049793,3.7625,0.452593361
C2,5.702522124,29.59960581,3.7625,0.271556017
C2,24.62041298,17.47010373,3.7625,0.362074689
C2,27.15486726,23.4443361,3.7625,0.271556017
C2,20.54718289,7.060456432,3.7625,0.271556017
C2,20.54718289,25.16419087,3.7625,0.271556017
C2,26.43073746,20.54773859,3.7625,0.271556017
C2,31.31861357,26.88404564,3.7625,0.271556017
C2,25.79712389,20.63825726,3.7625,0.543112033
C2,25.79712389,18.73736515,3.7625,0.271556017
C2,17.10756637,9.142385892,3.7625,0.271556017
C2,22.71957227,13.75883817,3.7625,0.271556017
C2,20.72821534,9.323423237,3.7625,0.271556017
C2,25.16351032,12.40105809,3.7625,0.271556017
C2,25.16351032,18.64684647,3.7625,0.362074689
C2,46.61585546,22.53914938,3.7625,0.271556017
C2,17.28859882,10.68120332,3.7625,0.543112033
C2,26.34022124,22.81070539,3.7625,0.271556017
C2,26.34022124,18.82788382,3.7625,0.271556017
C2,23.26266962,16.47439834,3.7625,0.271556017
C2,25.97815634,24.34952282,3.7625,0.271556017
C2,25.97815634,19.73307054,3.7625,0.271556017
C2,24.98247788,16.20284232,3.7625,0.271556017
C2,54.21921829,36.93161826,3.7625,0.362074689
C2,23.98679941,18.46580913,3.7625,0.271556017
C2,32.58584071,28.24182573,3.7625,0.271556017
C2,32.49532448,27.24612033,3.7625,0.271556017
C2,20.45666667,7.875124481,3.7625,0.271556017
C2,16.02137168,4.978526971,3.7625,0.543112033
C2,22.0859587,12.85365145,3.7625,0.271556017
C2,23.71525074,11.4053527,3.7625,0.271556017
C2,28.24106195,25.16419087,3.7625,0.452593361
C2,24.7109292,18.46580913,3.7625,0.271556017
C2,35.12029499,26.43145228,3.7625,0.543112033
C2,22.8100885,11.31483402,3.7625,0.543112033
C2,29.59880531,24.53056017,3.7625,0.271556017
C1,21.81441003,12.49157676,3.38625,0.543112033
C1,23.89628319,18.64684647,3.38625,0.362074689
C1,29.14622419,27.42715768,3.38625,0.362074689
C1,29.41777286,26.43145228,3.38625,0.543112033
C1,25.25402655,18.73736515,3.38625,0.362074689
C1,20.09460177,13.84935685,3.38625,0.271556017
C1,28.60312684,19.5520332,3.38625,0.543112033
C1,24.25834808,22.62966805,3.38625,0.271556017
C1,20.54718289,5.793195021,3.38625,0.362074689
C1,20.54718289,11.94846473,3.38625,0.271556017
C1,17.65066372,6.879419087,3.38625,0.271556017
C1,24.52989676,17.9226971,3.38625,0.271556017
C1,27.42641593,26.34093361,3.38625,0.452593361
C1,24.98247788,13.57780083,3.38625,0.362074689
C1,24.98247788,21.09085062,3.38625,0.271556017
C1,18.10324484,14.21143154,3.38625,0.362074689
C1,35.21081121,25.79782158,3.38625,0.271556017
C1,23.62473451,12.0389834,3.38625,0.362074689
C1,17.1980826,10.31912863,3.38625,0.362074689
C1,26.15918879,22.26759336,3.38625,0.543112033
C1,23.26266962,13.6683195,3.38625,0.271556017
C1,24.62041298,22.17707469,3.38625,0.271556017
C1,23.44370206,22.81070539,3.38625,0.271556017
C1,23.44370206,17.56062241,3.38625,0.271556017
C1,35.66339233,26.7030083,3.38625,0.271556017
C1,27.15486726,21.63396266,3.38625,0.271556017
C1,31.31861357,24.98315353,3.38625,0.362074689
C1,18.01272861,12.31053942,3.38625,0.362074689
C1,38.01681416,26.79352697,3.38625,0.362074689
C1,25.61609145,17.10802905,3.38625,0.271556017
C1,49.42185841,41.27651452,3.38625,0.452593361
C1,24.7109292,23.08226141,3.38625,0.271556017
C1,36.11597345,26.15989627,3.38625,0.271556017
C1,19.27995575,12.85365145,3.38625,0.362074689
C1,25.16351032,23.17278008,3.38625,0.271556017
C1,36.56855457,26.34093361,3.38625,0.452593361
C1,23.08163717,18.37529046,3.38625,0.271556017
C1,20.36615044,14.48298755,3.38625,0.271556017
C1,19.4609882,5.612157676,3.38625,0.271556017
C1,25.70660767,14.21143154,3.38625,0.271556017
C2,20.63769912,10.04757261,3.38625,0.452593361
C2,20.63769912,9.232904564,3.38625,0.271556017
C2,26.88331858,18.37529046,3.38625,0.271556017
C2,26.88331858,17.47010373,3.38625,0.271556017
C2,23.44370206,13.84935685,3.38625,0.452593361
C2,5.6120059,29.59960581,3.38625,0.362074689
C2,30.05138643,26.97456432,3.38625,0.543112033
C2,29.05570796,26.52197095,3.38625,0.271556017
C2,24.43938053,14.03039419,3.38625,0.362074689
C2,17.37911504,10.77172199,3.38625,0.543112033
C2,17.10756637,9.142385892,3.38625,0.271556017
C2,28.0600295,21.00033195,3.38625,0.362074689
C2,30.59448378,26.97456432,3.38625,0.271556017
C2,22.4480236,15.02609959,3.38625,0.362074689
C2,31.31861357,26.88404564,3.38625,0.271556017
C2,21.54286136,13.39676349,3.38625,0.271556017
C2,20.18511799,13.93987552,3.38625,0.362074689
C2,29.77983776,26.25041494,3.38625,0.271556017
C2,25.61609145,18.73736515,3.38625,0.452593361
C2,25.61609145,21.36240664,3.38625,0.271556017
C2,30.41345133,26.34093361,3.38625,0.271556017
C2,24.52989676,17.56062241,3.38625,0.271556017
C2,25.34454277,20.81929461,3.38625,0.362074689
C2,19.91356932,6.064751037,3.38625,0.271556017
C2,24.16783186,11.13379668,3.38625,0.271556017
C2,23.62473451,11.49587137,3.38625,0.271556017
C2,27.06435103,23.35381743,3.38625,0.271556017
C2,24.98247788,16.02180498,3.38625,0.543112033
C2,24.98247788,13.75883817,3.38625,0.271556017
C2,24.25834808,12.67261411,3.38625,0.362074689
C2,25.97815634,24.44004149,3.38625,0.271556017
C2,26.43073746,22.90122407,3.38625,0.271556017
C2,26.43073746,20.63825726,3.38625,0.271556017
C2,28.60312684,21.09085062,3.38625,0.271556017
C2,23.26266962,16.47439834,3.38625,0.271556017
C2,22.17647493,12.76313278,3.38625,0.271556017
C2,25.79712389,19.73307054,3.38625,0.271556017
C2,19.4609882,5.702676349,3.38625,0.543112033
C2,35.12029499,26.43145228,3.38625,0.543112033
C2,21.27131268,14.30195021,3.38625,0.271556017
C2,26.52125369,23.53485477,3.38625,0.271556017
C2,18.73685841,7.513049793,3.38625,0.543112033
C2,19.64202065,7.42253112,3.38625,0.271556017
C2,28.69364307,19.37099585,3.38625,0.271556017
C2,26.79280236,21.00033195,3.38625,0.271556017
C2,24.80144543,20.90981328,3.38625,0.271556017
C2,24.62041298,18.46580913,3.38625,0.271556017
C1,21.81441003,12.49157676,3.01,0.543112033
C1,25.34454277,18.73736515,3.01,0.452593361
C1,23.26266962,12.0389834,3.01,0.362074689
C1,29.23674041,26.7030083,3.01,0.543112033
C1,28.51261062,19.64255187,3.01,0.543112033
C1,23.17215339,13.75883817,3.01,0.271556017
C1,30.05138643,27.336639,3.01,0.271556017
C1,36.47803835,27.51767635,3.01,0.271556017
C1,20.54718289,5.793195021,3.01,0.362074689
C1,20.00408555,13.6683195,3.01,0.543112033
C1,49.42185841,41.45755187,3.01,0.452593361
C1,24.98247788,21.09085062,3.01,0.362074689
C1,23.71525074,18.73736515,3.01,0.362074689
C1,23.71525074,11.31483402,3.01,0.271556017
C1,18.82737463,8.327717842,3.01,0.271556017
C1,18.82737463,10.86224066,3.01,0.271556017
C1,24.52989676,17.9226971,3.01,0.271556017
C1,24.52989676,22.90122407,3.01,0.543112033
C1,35.21081121,25.88834025,3.01,0.362074689
C1,35.75390855,26.79352697,3.01,0.271556017
C1,24.62041298,22.26759336,3.01,0.271556017
C1,25.88764012,22.08655602,3.01,0.271556017
C1,24.89196165,13.6683195,3.01,0.362074689
C1,27.51693215,18.46580913,3.01,0.271556017
C1,27.51693215,26.15989627,3.01,0.452593361
C1,16.92653392,12.85365145,3.01,0.271556017
C1,23.35318584,22.81070539,3.01,0.271556017
C1,25.61609145,17.10802905,3.01,0.271556017
C1,25.61609145,15.93128631,3.01,0.271556017
C1,24.43938053,21.27188797,3.01,0.271556017
C1,24.43938053,16.47439834,3.01,0.271556017
C1,17.83169617,12.0389834,3.01,0.543112033
C1,21.27131268,13.84935685,3.01,0.271556017
C1,18.91789086,11.4053527,3.01,0.271556017
C1,19.8230531,6.336307054,3.01,0.271556017
C1,29.59880531,25.88834025,3.01,0.271556017
C1,24.80144543,12.85365145,3.01,0.271556017
C1,17.65066372,10.77172199,3.01,0.271556017
C2,17.1980826,10.86224066,3.01,0.543112033
C2,23.44370206,13.93987552,3.01,0.543112033
C2,22.53853982,15.02609959,3.01,0.362074689
C2,30.05138643,27.06508299,3.01,0.362074689
C2,25.79712389,18.91840249,3.01,0.362074689
C2,26.88331858,17.47010373,3.01,0.271556017
C2,26.79280236,18.46580913,3.01,0.271556017
C2,5.6120059,29.59960581,3.01,0.362074689
C2,24.16783186,11.22431535,3.01,0.271556017
C2,20.63769912,9.86653527,3.01,0.543112033
C2,28.96519174,26.61248963,3.01,0.362074689
C2,23.80576696,15.56921162,3.01,0.271556017
C2,24.98247788,13.84935685,3.01,0.271556017
C2,24.98247788,18.82788382,3.01,0.271556017
C2,25.0729941,15.93128631,3.01,0.362074689
C2,25.34454277,20.90981328,3.01,0.543112033
C2,25.52557522,21.45292531,3.01,0.271556017
C2,24.34886431,14.21143154,3.01,0.271556017
C2,24.34886431,16.65543568,3.01,0.271556017
C2,26.52125369,20.81929461,3.01,0.271556017
C2,20.00408555,9.594979253,3.01,0.271556017
C2,20.00408555,6.064751037,3.01,0.543112033
C2,24.7109292,20.90981328,3.01,0.271556017
C2,21.27131268,14.30195021,3.01,0.271556017
C2,25.88764012,19.82358921,3.01,0.271556017
C2,23.35318584,15.93128631,3.01,0.271556017
C2,25.97815634,18.10373444,3.01,0.271556017
C2,26.15918879,12.0389834,3.01,0.271556017
C2,26.15918879,10.22860996,3.01,0.362074689
C2,21.36182891,13.6683195,3.01,0.271556017
C2,22.0859587,12.67261411,3.01,0.362074689
C2,20.36615044,38.7419917,3.01,0.362074689
C2,17.01705015,9.142385892,3.01,0.362074689
C2,23.53421829,11.67690871,3.01,0.271556017
C2,26.06867257,15.84076763,3.01,0.362074689
C2,22.99112094,15.84076763,3.01,0.271556017
C2,28.15054572,21.00033195,3.01,0.543112033
C2,15.93085546,4.706970954,3.01,0.362074689
C2,28.78415929,27.24612033,3.01,0.271556017
C2,2.987035398,33.76346473,3.01,0.271556017
C2,60.82690265,16.11232365,3.01,0.362074689
C2,17.65066372,11.76742739,3.01,0.271556017
C2,23.71525074,22.44863071,3.01,0.271556017
C2,24.52989676,17.56062241,3.01,0.362074689
C1,17.65066372,11.76742739,2.63375,0.362074689
C1,23.26266962,12.0389834,2.63375,0.362074689
C1,23.26266962,18.01321577,2.63375,0.271556017
C1,23.26266962,13.75883817,2.63375,0.362074689
C1,1.176710914,43.17740664,2.63375,0.271556017
C1,29.32725664,27.15560166,2.63375,0.362074689
C1,28.78415929,20.09514523,2.63375,0.271556017
C1,21.27131268,13.84935685,2.63375,0.271556017
C1,18.91789086,12.85365145,2.63375,0.271556017
C1,21.90492625,12.67261411,2.63375,0.543112033
C1,21.36182891,10.59068465,2.63375,0.271556017
C1,23.71525074,11.4053527,2.63375,0.271556017
C1,23.71525074,20.54773859,2.63375,0.271556017
C1,27.15486726,20.36670124,2.63375,0.271556017
C1,27.15486726,14.48298755,2.63375,0.271556017
C1,37.38320059,25.97885892,2.63375,0.271556017
C1,25.97815634,16.65543568,2.63375,0.271556017
C1,19.8230531,6.336307054,2.63375,0.362074689
C1,25.34454277,18.82788382,2.63375,0.543112033
C1,25.34454277,20.27618257,2.63375,0.271556017
C1,24.43938053,16.47439834,2.63375,0.271556017
C1,24.43938053,21.36240664,2.63375,0.271556017
C1,24.62041298,15.20713693,2.63375,0.271556017
C1,49.42185841,41.45755187,2.63375,0.452593361
C1,24.80144543,21.09085062,2.63375,0.452593361
C1,25.61609145,15.93128631,2.63375,0.271556017
C1,30.05138643,27.42715768,2.63375,0.362074689
C1,35.66339233,27.06508299,2.63375,0.362074689
C1,18.73685841,8.23719917,2.63375,0.271556017
C1,36.38752212,27.60819502,2.63375,0.452593361
C1,19.73253687,13.39676349,2.63375,0.543112033
C1,26.43073746,21.90551867,2.63375,0.271556017
C1,26.43073746,20.72877593,2.63375,0.271556017
C1,24.89196165,14.03039419,2.63375,0.271556017
C1,27.06435103,19.18995851,2.63375,0.271556017
C1,25.52557522,21.72448133,2.63375,0.271556017
C1,23.89628319,18.37529046,2.63375,0.271556017
C1,27.42641593,18.46580913,2.63375,0.271556017
C1,21.54286136,14.39246888,2.63375,0.271556017
C1,23.44370206,17.10802905,2.63375,0.271556017
C1,27.60744838,25.79782158,2.63375,0.271556017
C1,29.50828909,26.15989627,2.63375,0.271556017
C2,17.1980826,10.95275934,2.63375,0.543112033
C2,23.08163717,14.12091286,2.63375,0.271556017
C2,25.79712389,18.91840249,2.63375,0.362074689
C2,22.4480236,14.93558091,2.63375,0.362074689
C2,23.62473451,15.56921162,2.63375,0.452593361
C2,24.7109292,21.00033195,2.63375,0.271556017
C2,26.06867257,15.93128631,2.63375,0.271556017
C2,26.61176991,20.81929461,2.63375,0.271556017
C2,25.435059,20.72877593,2.63375,0.271556017
C2,25.435059,21.36240664,2.63375,0.543112033
C2,37.56423304,7.784605809,2.63375,0.271556017
C2,35.66339233,28.15130705,2.63375,0.271556017
C2,44.62449853,21.27188797,2.63375,0.271556017
C2,23.89628319,14.93558091,2.63375,0.271556017
C2,25.0729941,13.75883817,2.63375,0.362074689
C2,25.0729941,18.64684647,2.63375,0.271556017
C2,19.00840708,11.67690871,2.63375,0.271556017
C2,25.61609145,20.09514523,2.63375,0.271556017
C2,25.70660767,17.9226971,2.63375,0.271556017
C2,5.702522124,31.13842324,2.63375,0.271556017
C2,24.98247788,15.84076763,2.63375,0.271556017
C2,17.56014749,11.85794606,2.63375,0.271556017
C2,61.27948378,25.52626556,2.63375,0.362074689
C2,61.27948378,24.80211618,2.63375,0.543112033
C2,57.56831858,19.37099585,2.63375,0.452593361
C2,15.84033923,4.706970954,2.63375,0.362074689
C2,23.98679941,16.65543568,2.63375,0.271556017
C2,24.07731563,11.22431535,2.63375,0.362074689
C2,10.22833333,16.20284232,2.63375,0.271556017
C2,27.24538348,21.00033195,2.63375,0.271556017
C2,20.09460177,9.594979253,2.63375,0.543112033
C2,29.96087021,27.06508299,2.63375,0.543112033
C2,25.88764012,16.56491701,2.63375,0.271556017
C2,36.56855457,27.78923237,2.63375,0.271556017
C2,1.629292035,26.25041494,2.63375,0.271556017
C2,33.12893805,28.3323444,2.63375,0.271556017
C2,46.88740413,25.97885892,2.63375,0.271556017
C2,28.78415929,26.7030083,2.63375,0.543112033
C2,26.79280236,17.37958506,2.63375,0.452593361
C2,20.45666667,11.67690871,2.63375,0.271556017
C2,22.8100885,16.293361,2.63375,0.271556017
C2,14.57311209,11.67690871,2.63375,0.271556017
C1,17.65066372,11.76742739,2.2575,0.362074689
C1,18.91789086,12.85365145,2.2575,0.271556017
C1,27.15486726,20.27618257,2.2575,0.271556017
C1,27.15486726,14.39246888,2.2575,0.362074689
C1,19.8230531,6.336307054,2.2575,0.271556017
C1,23.17215339,18.01321577,2.2575,0.271556017
C1,23.17215339,12.0389834,2.2575,0.362074689
C1,24.34886431,11.67690871,2.2575,0.271556017
C1,21.36182891,13.93987552,2.2575,0.271556017
C1,21.36182891,10.59068465,2.2575,0.271556017
C1,23.71525074,20.54773859,2.2575,0.271556017
C1,21.72389381,13.21572614,2.2575,0.271556017
C1,29.32725664,27.06508299,2.2575,0.362074689
C1,28.78415929,20.00462656,2.2575,0.362074689
C1,25.97815634,16.65543568,2.2575,0.271556017
C1,26.52125369,20.81929461,2.2575,0.271556017
C1,26.52125369,21.815,2.2575,0.271556017
C1,37.38320059,25.97885892,2.2575,0.271556017
C1,25.34454277,19.18995851,2.2575,0.362074689
C1,23.62473451,11.49587137,2.2575,0.271556017
C1,22.0859587,12.58209544,2.2575,0.271556017
C1,25.52557522,21.815,2.2575,0.271556017
C1,25.52557522,20.09514523,2.2575,0.362074689
C1,25.52557522,15.93128631,2.2575,0.271556017
C1,1.08619469,43.26792531,2.2575,0.543112033
C1,24.62041298,15.20713693,2.2575,0.271556017
C1,23.44370206,16.9269917,2.2575,0.271556017
C1,26.97383481,19.09943983,2.2575,0.271556017
C1,19.4609882,13.39676349,2.2575,0.271556017
C1,24.43938053,16.38387967,2.2575,0.271556017
C1,24.43938053,21.18136929,2.2575,0.271556017
C1,25.25402655,18.46580913,2.2575,0.271556017
C1,18.19376106,10.59068465,2.2575,0.271556017
C1,27.51693215,21.45292531,2.2575,0.362074689
C1,26.43073746,15.75024896,2.2575,0.271556017
C1,35.57287611,26.97456432,2.2575,0.362074689
C1,24.89196165,17.10802905,2.2575,0.271556017
C1,17.83169617,9.685497925,2.2575,0.271556017
C1,34.75823009,28.51338174,2.2575,0.271556017
C1,24.7109292,20.63825726,2.2575,0.271556017
C1,27.87899705,19.28047718,2.2575,0.271556017
C1,23.53421829,13.84935685,2.2575,0.543112033
C1,36.20648968,27.78923237,2.2575,0.452593361
C1,25.70660767,18.73736515,2.2575,0.271556017
C2,17.28859882,10.95275934,2.2575,0.543112033
C2,23.17215339,14.12091286,2.2575,0.271556017
C2,25.79712389,18.91840249,2.2575,0.452593361
C2,24.62041298,21.00033195,2.2575,0.271556017
C2,23.53421829,15.56921162,2.2575,0.452593361
C2,57.56831858,19.37099585,2.2575,0.362074689
C2,22.53853982,14.6640249,2.2575,0.362074689
C2,25.435059,21.45292531,2.2575,0.543112033
C2,19.00840708,11.67690871,2.2575,0.271556017
C2,61.27948378,25.43574689,2.2575,0.362074689
C2,23.89628319,14.12091286,2.2575,0.271556017
C2,23.89628319,14.84506224,2.2575,0.271556017
C2,23.89628319,16.65543568,2.2575,0.271556017
C2,26.52125369,20.90981328,2.2575,0.271556017
C2,26.06867257,15.93128631,2.2575,0.362074689
C2,23.44370206,16.11232365,2.2575,0.271556017
C2,23.80576696,13.6683195,2.2575,0.271556017
C2,25.34454277,20.63825726,2.2575,0.271556017
C2,22.0859587,14.93558091,2.2575,0.271556017
C2,25.52557522,20.1856639,2.2575,0.271556017
C2,25.25402655,19.37099585,2.2575,0.271556017
C2,61.18896755,24.71159751,2.2575,0.543112033
C2,25.70660767,17.9226971,2.2575,0.271556017
C2,35.57287611,28.15130705,2.2575,0.362074689
C2,20.45666667,11.67690871,2.2575,0.271556017
C2,21.54286136,10.68120332,2.2575,0.271556017
C2,27.6979646,21.36240664,2.2575,0.452593361
C2,5.702522124,31.13842324,2.2575,0.271556017
C2,24.98247788,13.75883817,2.2575,0.452593361
C2,24.98247788,16.56491701,2.2575,0.271556017
C2,54.03818584,15.2976556,2.2575,0.362074689
C2,44.62449853,21.27188797,2.2575,0.452593361
C2,22.8100885,16.20284232,2.2575,0.271556017
C2,38.01681416,31.77205394,2.2575,0.362074689
C2,32.67635693,14.93558091,2.2575,0.362074689
C2,21.18079646,8.780311203,2.2575,0.271556017
C1,27.15486726,20.27618257,1.88125,0.271556017
C1,17.74117994,11.85794606,1.88125,0.362074689
C1,24.34886431,11.76742739,1.88125,0.271556017
C1,18.91789086,12.85365145,1.88125,0.271556017
C1,23.17215339,18.01321577,1.88125,0.271556017
C1,23.17215339,14.21143154,1.88125,0.271556017
C1,26.52125369,20.81929461,1.88125,0.271556017
C1,27.51693215,21.45292531,1.88125,0.271556017
C1,26.43073746,15.75024896,1.88125,0.271556017
C1,23.71525074,6.607863071,1.88125,0.271556017
C1,23.71525074,13.6683195,1.88125,0.271556017
C1,23.71525074,20.45721992,1.88125,0.271556017
C1,25.25402655,19.46151452,1.88125,0.271556017
C1,21.36182891,13.84935685,1.88125,0.271556017
C1,25.52557522,21.72448133,1.88125,0.362074689
C1,19.8230531,6.336307054,1.88125,0.362074689
C1,25.34454277,20.1856639,1.88125,0.271556017
C1,23.80576696,21.54344398,1.88125,0.271556017
C1,26.06867257,15.20713693,1.88125,0.271556017
C1,34.66771386,28.51338174,1.88125,0.271556017
C1,23.53421829,16.83647303,1.88125,0.271556017
C1,25.88764012,16.65543568,1.88125,0.271556017
C1,24.89196165,17.10802905,1.88125,0.271556017
C1,27.87899705,19.37099585,1.88125,0.271556017
C1,33.94358407,29.14701245,1.88125,0.271556017
C1,28.15054572,20.00462656,1.88125,0.271556017
C1,19.27995575,10.95275934,1.88125,0.271556017
C1,25.97815634,19.91410788,1.88125,0.271556017
C1,26.88331858,18.91840249,1.88125,0.271556017
C1,21.81441003,13.12520747,1.88125,0.271556017
C1,18.19376106,10.68120332,1.88125,0.271556017
C1,21.09028024,6.245788382,1.88125,0.362074689
C1,23.08163717,11.94846473,1.88125,0.452593361
C1,23.08163717,12.40105809,1.88125,0.271556017
C1,24.7109292,20.63825726,1.88125,0.271556017
C1,24.7109292,13.6683195,1.88125,0.271556017
C1,24.25834808,16.65543568,1.88125,0.271556017
C1,26.15918879,18.91840249,1.88125,0.271556017
C2,17.28859882,11.04327801,1.88125,0.543112033
C2,25.435059,21.72448133,1.88125,0.362074689
C2,22.62905605,14.6640249,1.88125,0.271556017
C2,57.56831858,19.46151452,1.88125,0.362074689
C2,23.35318584,15.56921162,1.88125,0.362074689
C2,24.62041298,21.00033195,1.88125,0.271556017
C2,25.79712389,19.00892116,1.88125,0.452593361
C2,23.17215339,14.03039419,1.88125,0.271556017
C2,38.01681416,31.86257261,1.88125,0.271556017
C2,54.03818584,15.38817427,1.88125,0.271556017
C2,25.25402655,19.37099585,1.88125,0.271556017
C2,27.60744838,21.36240664,1.88125,0.543112033
C2,27.60744838,19.73307054,1.88125,0.452593361
C2,23.98679941,14.93558091,1.88125,0.271556017
C2,45.98224189,31.68153527,1.88125,0.362074689
C2,20.45666667,11.67690871,1.88125,0.271556017
C2,25.0729941,13.75883817,1.88125,0.271556017
C2,23.89628319,13.75883817,1.88125,0.271556017
C2,26.88331858,21.63396266,1.88125,0.271556017
C2,26.88331858,20.63825726,1.88125,0.271556017
C2,21.54286136,10.68120332,1.88125,0.271556017
C2,32.67635693,15.02609959,1.88125,0.362074689
C2,25.34454277,20.1856639,1.88125,0.271556017
C2,19.0989233,11.67690871,1.88125,0.362074689
C2,26.70228614,19.18995851,1.88125,0.271556017
C2,22.35750737,28.87545643,1.88125,0.271556017
C2,26.06867257,15.93128631,1.88125,0.362074689
C2,25.61609145,18.01321577,1.88125,0.271556017
C2,61.27948378,24.80211618,1.88125,0.543112033
C2,26.97383481,18.64684647,1.88125,0.271556017
C2,25.16351032,16.47439834,1.88125,0.271556017
C2,27.24538348,19.37099585,1.88125,0.271556017
C2,35.57287611,28.06078838,1.88125,0.452593361
C2,46.16327434,17.74165975,1.88125,0.543112033
C2,15.74982301,5.250082988,1.88125,0.543112033
C2,23.62473451,6.064751037,1.88125,0.362074689
C2,14.93517699,9.142385892,1.88125,0.271556017
C2,21.27131268,8.961348548,1.88125,0.362074689
C1,27.15486726,20.27618257,1.505,0.271556017
C1,24.34886431,11.76742739,1.505,0.271556017
C1,27.60744838,20.72877593,1.505,0.271556017
C1,27.51693215,21.54344398,1.505,0.362074689
C1,26.06867257,15.20713693,1.505,0.271556017
C1,26.06867257,18.91840249,1.505,0.271556017
C1,25.79712389,20.00462656,1.505,0.362074689
C1,19.37047198,10.95275934,1.505,0.271556017
C1,25.25402655,19.46151452,1.505,0.271556017
C1,21.09028024,6.245788382,1.505,0.271556017
C1,17.74117994,11.85794606,1.505,0.362074689
C1,23.53421829,16.74595436,1.505,0.271556017
C1,26.52125369,20.63825726,1.505,0.271556017
C1,23.80576696,21.54344398,1.505,0.271556017
C1,30.3229351,1.900892116,1.505,0.452593361
C1,23.71525074,6.607863071,1.505,0.362074689
C1,28.24106195,20.09514523,1.505,0.271556017
C1,37.11165192,26.43145228,1.505,0.271556017
C1,26.61176991,21.00033195,1.505,0.271556017
C1,32.58584071,1.448298755,1.505,0.452593361
C1,25.52557522,21.72448133,1.505,0.452593361
C1,23.08163717,18.01321577,1.505,0.452593361
C1,16.8360177,11.67690871,1.505,0.271556017
C1,24.62041298,13.6683195,1.505,0.271556017
C1,23.62473451,10.68120332,1.505,0.543112033
C1,23.62473451,13.6683195,1.505,0.271556017
C1,27.87899705,19.37099585,1.505,0.271556017
C1,59.74070796,17.47010373,1.505,0.452593361
C1,25.61609145,13.75883817,1.505,0.271556017
C1,18.82737463,13.0346888,1.505,0.543112033
C1,22.8100885,5.34060166,1.505,0.271556017
C1,34.75823009,28.60390041,1.505,0.362074689
C1,24.16783186,16.56491701,1.505,0.271556017
C1,33.94358407,29.23753112,1.505,0.362074689
C1,26.70228614,18.82788382,1.505,0.543112033
C2,25.52557522,21.815,1.505,0.362074689
C2,46.07275811,31.77205394,1.505,0.271556017
C2,46.07275811,17.74165975,1.505,0.362074689
C2,25.70660767,19.00892116,1.505,0.271556017
C2,17.1980826,11.04327801,1.505,0.543112033
C2,27.24538348,19.64255187,1.505,0.271556017
C2,27.51693215,20.81929461,1.505,0.543112033
C2,27.51693215,21.54344398,1.505,0.543112033
C2,44.5339823,19.00892116,1.505,0.271556017
C2,26.70228614,21.72448133,1.505,0.271556017
C2,50.5080531,4.797489627,1.505,0.362074689
C2,20.36615044,37.02213693,1.505,0.271556017
C2,25.61609145,19.82358921,1.505,0.271556017
C2,57.20625369,4.435414938,1.505,0.362074689
C2,22.4480236,14.6640249,1.505,0.362074689
C2,58.02089971,16.9269917,1.505,0.271556017
C2,23.89628319,15.02609959,1.505,0.543112033
C2,28.0600295,20.00462656,1.505,0.271556017
C2,2.262905605,22.72018672,1.505,0.452593361
C2,15.65930678,5.250082988,1.505,0.543112033
C2,50.05547198,16.47439834,1.505,0.362074689
C2,60.64587021,34.21605809,1.505,0.362074689
C2,23.62473451,6.15526971,1.505,0.271556017
C2,24.52989676,15.20713693,1.505,0.271556017
C2,23.53421829,14.30195021,1.505,0.271556017
C2,24.43938053,20.90981328,1.505,0.362074689
C2,26.24970501,20.63825726,1.505,0.271556017
C2,33.6720354,36.93161826,1.505,0.271556017
C2,47.1589528,15.93128631,1.505,0.271556017
C2,23.26266962,15.84076763,1.505,0.543112033
C2,29.41777286,24.34952282,1.505,0.271556017
C2,26.79280236,18.5563278,1.505,0.271556017
C2,5.974070796,23.17278008,1.505,0.271556017
C2,18.82737463,6.336307054,1.505,0.271556017
C2,52.40889381,36.84109959,1.505,0.271556017
C2,57.47780236,19.37099585,1.505,0.543112033
C2,12.40072271,1.900892116,1.505,0.362074689
C2,31.40912979,12.22002075,1.505,0.452593361
C2,1.900840708,29.32804979,1.505,0.362074689
C2,23.17215339,5.34060166,1.505,0.271556017
C2,56.84418879,2.89659751,1.505,0.271556017
C2,24.98247788,16.47439834,1.505,0.271556017
C2,48.78824484,5.974232365,1.505,0.543112033
C2,6.69820059,35.30228216,1.505,0.362074689
C1,27.60744838,20.81929461,1.12875,0.271556017
C1,25.88764012,20.00462656,1.12875,0.271556017
C1,59.74070796,17.56062241,1.12875,0.271556017
C1,45.07707965,36.38850622,1.12875,0.271556017
C1,23.80576696,10.77172199,1.12875,0.271556017
C1,27.51693215,21.72448133,1.12875,0.362074689
C1,19.27995575,10.95275934,1.12875,0.271556017
C1,26.15918879,15.20713693,1.12875,0.271556017
C1,28.15054572,20.00462656,1.12875,0.271556017
C1,26.79280236,18.91840249,1.12875,0.271556017
C1,23.08163717,10.77172199,1.12875,0.271556017
C1,23.08163717,6.426825726,1.12875,0.543112033
C1,22.8100885,5.431120332,1.12875,0.271556017
C1,27.15486726,20.00462656,1.12875,0.271556017
C1,25.70660767,21.63396266,1.12875,0.271556017
C1,30.3229351,1.900892116,1.12875,0.452593361
C1,23.98679941,8.508755187,1.12875,0.271556017
C1,21.09028024,6.336307054,1.12875,0.362074689
C1,23.62473451,15.02609959,1.12875,0.271556017
C1,23.53421829,16.74595436,1.12875,0.362074689
C1,23.71525074,6.336307054,1.12875,0.543112033
C1,32.49532448,1.538817427,1.12875,0.543112033
C1,24.43938053,11.76742739,1.12875,0.543112033
C1,27.42641593,22.62966805,1.12875,0.362074689
C1,37.65474926,6.879419087,1.12875,0.452593361
C1,18.01272861,11.67690871,1.12875,0.452593361
C1,24.62041298,13.6683195,1.12875,0.271556017
C1,36.38752212,8.508755187,1.12875,0.452593361
C1,16.74550147,11.76742739,1.12875,0.543112033
C1,46.70637168,39.82821577,1.12875,0.362074689
C1,22.99112094,17.47010373,1.12875,0.271556017
C1,18.91789086,12.58209544,1.12875,0.271556017
C1,37.11165192,26.61248963,1.12875,0.543112033
C2,25.61609145,21.90551867,1.12875,0.362074689
C2,25.61609145,19.00892116,1.12875,0.452593361
C2,27.33589971,19.5520332,1.12875,0.271556017
C2,31.40912979,12.31053942,1.12875,0.362074689
C2,27.15486726,20.54773859,1.12875,0.271556017
C2,57.11573746,4.435414938,1.12875,0.271556017
C2,27.24538348,21.36240664,1.12875,0.271556017
C2,2.262905605,22.72018672,1.12875,0.452593361
C2,27.78848083,21.00033195,1.12875,0.543112033
C2,44.80553097,5.34060166,1.12875,0.271556017
C2,45.98224189,31.77205394,1.12875,0.543112033
C2,56.75367257,2.89659751,1.12875,0.362074689
C2,24.52989676,15.2976556,1.12875,0.271556017
C2,58.3829646,4.254377593,1.12875,0.271556017
C2,58.20193215,29.50908714,1.12875,0.362074689
C2,26.70228614,21.63396266,1.12875,0.271556017
C2,50.5080531,4.888008299,1.12875,0.362074689
C2,17.74117994,21.27188797,1.12875,0.271556017
C2,27.42641593,6.245788382,1.12875,0.362074689
C2,28.24106195,20.09514523,1.12875,0.271556017
C2,48.51669617,13.30624481,1.12875,0.271556017
C2,8.055943953,18.5563278,1.12875,0.271556017
C2,20.45666667,37.1126556,1.12875,0.271556017
C2,55.21489676,16.65543568,1.12875,0.271556017
C2,41.27539823,27.15560166,1.12875,0.271556017
C2,25.97815634,20.72877593,1.12875,0.271556017
C2,10.31884956,32.85827801,1.12875,0.271556017
C2,44.44346608,19.00892116,1.12875,0.362074689
C2,23.80576696,15.02609959,1.12875,0.271556017
C2,46.34430678,26.15989627,1.12875,0.362074689
C2,28.51261062,26.34093361,1.12875,0.271556017
C2,58.02089971,16.9269917,1.12875,0.362074689
C2,38.5599115,27.42715768,1.12875,0.271556017
C2,50.41753687,1.086224066,1.12875,0.362074689
C2,26.88331858,5.250082988,1.12875,0.362074689
C2,59.46915929,33.76346473,1.12875,0.271556017
C2,26.15918879,5.702676349,1.12875,0.271556017
C2,52.22786136,36.75058091,1.12875,0.543112033
C2,12.31020649,1.900892116,1.12875,0.362074689
C1,45.07707965,36.38850622,0.7525,0.271556017
C1,27.60744838,20.81929461,0.7525,0.362074689
C1,25.97815634,19.91410788,0.7525,0.271556017
C1,25.97815634,22.08655602,0.7525,0.271556017
C1,28.15054572,20.00462656,0.7525,0.271556017
C1,26.79280236,19.00892116,0.7525,0.271556017
C1,23.80576696,10.77172199,0.7525,0.271556017
C1,22.8100885,5.431120332,0.7525,0.271556017
C1,22.99112094,6.426825726,0.7525,0.362074689
C1,22.99112094,10.68120332,0.7525,0.362074689
C1,23.89628319,5.883713693,0.7525,0.271556017
C1,27.42641593,21.815,0.7525,0.543112033
C1,59.65019174,17.47010373,0.7525,0.543112033
C1,37.65474926,6.879419087,0.7525,0.452593361
C1,23.62473451,14.93558091,0.7525,0.271556017
C1,19.00840708,10.68120332,0.7525,0.271556017
C1,26.24970501,15.20713693,0.7525,0.543112033
C1,19.37047198,11.04327801,0.7525,0.543112033
C1,36.38752212,8.599273859,0.7525,0.543112033
C1,32.40480826,1.538817427,0.7525,0.543112033
C1,27.06435103,22.35811203,0.7525,0.271556017
C1,36.47803835,26.7030083,0.7525,0.271556017
C1,32.67635693,0.995705394,0.7525,0.271556017
C1,23.98679941,8.418236515,0.7525,0.543112033
C2,25.88764012,21.99603734,0.7525,0.271556017
C2,27.24538348,19.46151452,0.7525,0.271556017
C2,31.40912979,12.31053942,0.7525,0.362074689
C2,27.42641593,6.336307054,0.7525,0.362074689
C2,2.262905605,22.72018672,0.7525,0.452593361
C2,56.30109145,2.89659751,0.7525,0.452593361
C2,58.29244838,29.50908714,0.7525,0.452593361
C2,14.93517699,30.32375519,0.7525,0.362074689
C2,27.15486726,20.45721992,0.7525,0.271556017
C2,28.0600295,21.00033195,0.7525,0.362074689
C2,55.21489676,16.56491701,0.7525,0.271556017
C2,60.37432153,16.02180498,0.7525,0.362074689
C2,24.62041298,15.2976556,0.7525,0.271556017
C2,24.62041298,33.03931535,0.7525,0.271556017
C2,41.27539823,27.15560166,0.7525,0.271556017
C2,21.18079646,16.38387967,0.7525,0.271556017
C2,25.435059,33.58242739,0.7525,0.271556017
C2,57.11573746,4.344896266,0.7525,0.362074689
C2,25.34454277,22.35811203,0.7525,0.271556017
C2,7.874911504,34.66865145,0.7525,0.271556017
C2,26.15918879,19.64255187,0.7525,0.271556017
C2,26.15918879,20.72877593,0.7525,0.271556017
C2,26.15918879,5.702676349,0.7525,0.271556017
C2,56.84418879,16.65543568,0.7525,0.452593361
C2,32.67635693,7.241493776,0.7525,0.271556017
C2,58.3829646,4.254377593,0.7525,0.271556017
C2,26.88331858,5.159564315,0.7525,0.271556017
C2,20.09460177,10.22860996,0.7525,0.271556017
C2,8.055943953,18.5563278,0.7525,0.271556017
C2,47.97359882,16.293361,0.7525,0.362074689
C2,45.98224189,31.77205394,0.7525,0.543112033
C2,44.98656342,16.74595436,0.7525,0.271556017
C2,32.85738938,34.39709544,0.7525,0.362074689
C2,60.28380531,27.42715768,0.7525,0.543112033
C2,44.80553097,26.61248963,0.7525,0.271556017
C2,39.01249263,26.61248963,0.7525,0.271556017
C1,22.99112094,6.426825726,0.37625,0.271556017
C1,45.16759587,36.29798755,0.37625,0.543112033
C1,44.62449853,36.4790249,0.37625,0.543112033
C1,27.6979646,20.90981328,0.37625,0.452593361
C1,51.95631268,42.90585062,0.37625,0.362074689
C1,23.89628319,5.883713693,0.37625,0.271556017
C1,28.15054572,20.00462656,0.37625,0.362074689
C1,26.06867257,19.82358921,0.37625,0.362074689
C1,46.07275811,36.38850622,0.37625,0.271556017
C1,26.79280236,18.64684647,0.37625,0.543112033
C1,37.65474926,6.969937759,0.37625,0.543112033
C1,59.65019174,17.19854772,0.37625,0.543112033
C1,25.88764012,22.08655602,0.37625,0.543112033
C1,9.051622419,31.22894191,0.37625,0.452593361
C1,40.73230088,29.41856846,0.37625,0.543112033
C1,30.41345133,6.517344398,0.37625,0.452593361
C1,22.8100885,5.250082988,0.37625,0.362074689
C1,23.98679941,10.59068465,0.37625,0.543112033
C1,46.52533923,36.20746888,0.37625,0.271556017
C1,25.79712389,15.02609959,0.37625,0.362074689
C1,45.71069322,38.37991701,0.37625,0.271556017
C1,47.33998525,39.28510373,0.37625,0.271556017
C1,49.15030973,32.58672199,0.37625,0.543112033
C1,18.82737463,10.50016598,0.37625,0.271556017
C1,36.38752212,8.508755187,0.37625,0.543112033
C2,14.93517699,30.41427386,0.37625,0.362074689
C2,56.21057522,2.987116183,0.37625,0.362074689
C2,36.11597345,33.40139004,0.37625,0.271556017
C2,27.42641593,6.426825726,0.37625,0.271556017
C2,58.20193215,29.50908714,0.37625,0.362074689
C2,30.86603245,27.15560166,0.37625,0.271556017
C2,25.34454277,33.49190871,0.37625,0.271556017
C2,46.79688791,34.30657676,0.37625,0.362074689
C2,18.46530973,34.03502075,0.37625,0.271556017
C2,48.51669617,13.6683195,0.37625,0.362074689
C2,56.84418879,16.65543568,0.37625,0.362074689
C2,25.79712389,21.99603734,0.37625,0.452593361
C2,39.01249263,26.7030083,0.37625,0.271556017
C2,26.34022124,19.91410788,0.37625,0.271556017
C2,2.262905605,6.064751037,0.37625,0.271556017
C2,27.78848083,5.612157676,0.37625,0.271556017
C2,1.991356932,22.72018672,0.37625,0.543112033
C2,28.69364307,15.11661826,0.37625,0.362074689
C2,10.22833333,42.63429461,0.37625,0.452593361
C2,32.04274336,12.85365145,0.37625,0.271556017
C2,1.448259587,22.53914938,0.37625,0.271556017
C2,6.245619469,35.21176349,0.37625,0.271556017
C2,27.60744838,20.54773859,0.37625,0.543112033
C2,2.715486726,22.72018672,0.37625,0.271556017
C2,55.84851032,17.65114108,0.37625,0.362074689
C2,45.07707965,16.83647303,0.37625,0.362074689
C2,15.29724189,40.82392116,0.37625,0.271556017
C2,54.85283186,31.95309129,0.37625,0.362074689
C2,50.87011799,3.71126556,0.37625,0.271556017
C2,27.06435103,19.37099585,0.37625,0.543112033
C2,60.10277286,27.42715768,0.37625,0.452593361
C2,56.48212389,34.94020747,0.37625,0.271556017
C2,55.7579941,4.073340249,0.37625,0.271556017
C2,24.62041298,33.03931535,0.37625,0.271556017