C1,20.18462744,11.67630915,19.9342,0.271542073
C1,23.17159024,12.40042134,19.9342,0.271542073
C1,20.63719756,10.95219695,19.9342,0.271542073
C1,19.73205732,8.779860366,19.9342,0.362056098
C1,23.71467439,13.12453354,19.9342,0.271542073
C1,17.01663659,8.417804268,19.9342,0.271542073
C1,19.91308537,12.85299146,19.9342,0.362056098
C1,18.46486098,11.04271098,19.9342,0.543084146
C1,22.17593598,12.49093537,19.9342,0.452570122
C1,21.45182378,11.22373902,19.9342,0.271542073
C1,19.18897317,10.22808476,19.9342,0.271542073
C1,19.18897317,9.594486585,19.9342,0.271542073
C1,19.82257134,10.49962683,19.9342,0.271542073
C1,19.09845915,8.23677622,19.9342,0.271542073
C1,19.09845915,12.03836524,19.9342,0.271542073
C1,18.28383293,9.413458537,19.9342,0.452570122
C1,21.27079573,11.67630915,19.9342,0.271542073
C1,24.34827256,12.94350549,19.9342,0.362056098
C1,16.20201037,5.97392561,19.9342,0.543084146
C1,21.99490793,13.03401951,19.9342,0.271542073
C1,4.163645122,32.85659085,19.9342,0.543084146
C2,33.30916098,15.38738415,19.9342,0.271542073
C2,15.2063561,36.02458171,19.9342,0.362056098
C2,20.72771159,14.93481402,19.9342,0.271542073
C2,3.258504878,10.68065488,19.9342,0.362056098
C2,6.969579878,31.40836646,19.9342,0.271542073
C2,6.879065854,26.52060915,19.9342,0.452570122
C2,21.18028171,11.76682317,19.9342,0.271542073
C2,19.55102927,11.4952811,19.9342,0.271542073
C2,18.46486098,9.413458537,19.9342,0.271542073
C2,18.28383293,11.8573372,19.9342,0.271542073
C2,15.47789817,0.81462622,19.9342,0.271542073
C2,19.64154329,9.594486585,19.9342,0.362056098
C2,20.99925366,10.13757073,19.9342,0.271542073
C2,16.83560854,34.1237872,19.9342,0.362056098
C2,16.02098232,4.706729268,19.9342,0.271542073
C2,6.064439634,9.866028659,19.9342,0.271542073
C2,16.11149634,14.75378598,19.9342,0.271542073
C2,15.93046829,3.439532927,19.9342,0.362056098
C2,22.44747805,25.07238476,19.9342,0.271542073
C2,23.26210427,12.40042134,19.9342,0.271542073
C2,35.11944146,6.245467683,19.9342,0.271542073
C2,17.46920671,13.84864573,19.9342,0.452570122
C1,23.17159024,12.40042134,19.55808302,0.271542073
C1,19.73205732,8.779860366,19.55808302,0.271542073
C1,20.09411341,11.67630915,19.55808302,0.271542073
C1,18.555375,11.04271098,19.55808302,0.543084146
C1,22.08542195,12.40042134,19.55808302,0.271542073
C1,17.01663659,20.90873963,19.55808302,0.362056098
C1,23.71467439,13.21504756,19.55808302,0.271542073
C1,18.28383293,9.413458537,19.55808302,0.362056098
C1,20.63719756,10.7711689,19.55808302,0.543084146
C1,19.18897317,10.13757073,19.55808302,0.271542073
C1,19.18897317,8.23677622,19.55808302,0.271542073
C1,21.08976768,10.7711689,19.55808302,0.543084146
C1,23.44313232,13.84864573,19.55808302,0.271542073
C1,19.91308537,12.85299146,19.55808302,0.362056098
C1,22.17593598,11.133225,19.55808302,0.271542073
C1,17.74074878,7.965234146,19.55808302,0.543084146
C1,22.90004817,10.95219695,19.55808302,0.452570122
C2,6.969579878,26.43009512,19.55808302,0.362056098
C2,20.99925366,10.13757073,19.55808302,0.271542073
C2,33.21864695,15.38738415,19.55808302,0.362056098
C2,19.55102927,11.4952811,19.55808302,0.271542073
C2,16.83560854,34.1237872,19.55808302,0.271542073
C2,15.93046829,4.706729268,19.55808302,0.271542073
C2,19.73205732,9.503972561,19.55808302,0.452570122
C2,19.18897317,8.779860366,19.55808302,0.271542073
C2,15.11584207,35.93406768,19.55808302,0.452570122
C2,18.28383293,34.21430122,19.55808302,0.271542073
C2,23.17159024,12.40042134,19.55808302,0.271542073
C2,18.46486098,9.413458537,19.55808302,0.271542073
C2,22.53799207,25.16289878,19.55808302,0.271542073
C2,5.792897561,7.965234146,19.55808302,0.271542073
C2,22.35696402,13.66761768,19.55808302,0.271542073
C2,3.258504878,10.68065488,19.55808302,0.452570122
C1,19.73205732,8.87037439,19.18196604,0.271542073
C1,23.17159024,12.40042134,19.18196604,0.271542073
C1,18.64588902,11.133225,19.18196604,0.271542073
C1,20.09411341,11.67630915,19.18196604,0.271542073
C1,18.37434695,9.413458537,19.18196604,0.271542073
C1,22.17593598,12.40042134,19.18196604,0.362056098
C1,22.17593598,11.22373902,19.18196604,0.271542073
C1,19.00794512,10.22808476,19.18196604,0.271542073
C1,21.08976768,11.4952811,19.18196604,0.271542073
C1,23.71467439,13.30556159,19.18196604,0.271542073
C1,23.44313232,13.84864573,19.18196604,0.271542073
C1,19.18897317,8.23677622,19.18196604,0.271542073
C1,21.18028171,10.95219695,19.18196604,0.543084146
C1,22.9905622,11.04271098,19.18196604,0.452570122
C1,20.45616951,10.68065488,19.18196604,0.362056098
C1,17.8312628,8.055748171,19.18196604,0.543084146
C1,16.11149634,4.254159146,19.18196604,0.543084146
C1,19.82257134,10.49962683,19.18196604,0.271542073
C2,6.969579878,26.43009512,19.18196604,0.271542073
C2,20.99925366,10.13757073,19.18196604,0.271542073
C2,19.55102927,11.4952811,19.18196604,0.271542073
C2,19.55102927,9.68500061,19.18196604,0.271542073
C2,19.91308537,9.413458537,19.18196604,0.362056098
C2,22.35696402,13.66761768,19.18196604,0.271542073
C2,15.93046829,4.706729268,19.18196604,0.271542073
C2,19.18897317,8.779860366,19.18196604,0.271542073
C2,19.18897317,12.03836524,19.18196604,0.271542073
C2,18.28383293,34.21430122,19.18196604,0.271542073
C2,33.12813293,15.47789817,19.18196604,0.362056098
C2,16.83560854,34.1237872,19.18196604,0.362056098
C2,20.27514146,7.693692073,19.18196604,0.271542073
C2,22.6285061,25.07238476,19.18196604,0.271542073
C2,23.26210427,12.40042134,19.18196604,0.271542073
C2,23.26210427,14.4822439,19.18196604,0.271542073
C2,21.18028171,7.331635976,19.18196604,0.271542073
C2,23.89570244,15.02532805,19.18196604,0.271542073
C2,6.426495732,31.31785244,19.18196604,0.271542073
C2,16.11149634,34.30481524,19.18196604,0.271542073
C2,7.693692073,26.15855305,19.18196604,0.271542073
C2,42.45107744,1.357710366,19.18196604,0.271542073
C2,21.45182378,11.31425305,19.18196604,0.271542073
C2,1.357710366,24.07673049,19.18196604,0.271542073
C2,22.44747805,11.58579512,19.18196604,0.271542073
C2,18.37434695,9.322944512,19.18196604,0.362056098
C2,19.00794512,12.40042134,19.18196604,0.271542073
C2,5.521355488,3.077476829,19.18196604,0.271542073
C1,19.73205732,8.87037439,18.80584906,0.271542073
C1,18.64588902,11.133225,18.80584906,0.271542073
C1,23.17159024,12.40042134,18.80584906,0.271542073
C1,18.46486098,10.68065488,18.80584906,0.271542073
C1,18.37434695,9.503972561,18.80584906,0.271542073
C1,22.9905622,11.04271098,18.80584906,0.362056098
C1,22.26645,12.40042134,18.80584906,0.543084146
C1,19.09845915,10.31859878,18.80584906,0.271542073
C1,17.8312628,8.23677622,18.80584906,0.452570122
C1,19.2794872,8.23677622,18.80584906,0.271542073
C1,23.53364634,13.84864573,18.80584906,0.271542073
C1,23.80518841,13.30556159,18.80584906,0.271542073
C1,21.08976768,11.04271098,18.80584906,0.543084146
C1,20.18462744,11.58579512,18.80584906,0.543084146
C1,16.11149634,4.435187195,18.80584906,0.543084146
C1,22.17593598,11.22373902,18.80584906,0.271542073
C2,6.969579878,26.52060915,18.80584906,0.362056098
C2,22.35696402,13.66761768,18.80584906,0.271542073
C2,19.91308537,9.413458537,18.80584906,0.271542073
C2,20.99925366,10.13757073,18.80584906,0.362056098
C2,19.2794872,8.779860366,18.80584906,0.271542073
C2,19.46051524,11.4952811,18.80584906,0.362056098
C2,20.27514146,7.693692073,18.80584906,0.271542073
C2,20.27514146,31.77042256,18.80584906,0.271542073
C2,15.93046829,4.706729268,18.80584906,0.271542073
C2,18.28383293,34.21430122,18.80584906,0.271542073
C2,23.98621646,23.71467439,18.80584906,0.271542073
C2,16.83560854,34.1237872,18.80584906,0.271542073
C2,21.18028171,7.42215,18.80584906,0.271542073
C2,19.18897317,12.21939329,18.80584906,0.271542073
C2,23.89570244,15.02532805,18.80584906,0.271542073
C2,22.53799207,11.4952811,18.80584906,0.271542073
C2,22.53799207,25.07238476,18.80584906,0.271542073
C2,16.56406646,1.719766463,18.80584906,0.271542073
C2,9.68500061,17.28817866,18.80584906,0.271542073
C2,33.12813293,15.47789817,18.80584906,0.452570122
C2,30.32219817,14.75378598,18.80584906,0.271542073
C1,19.73205732,8.87037439,18.42973208,0.271542073
C1,19.73205732,11.58579512,18.42973208,0.271542073
C1,18.64588902,11.40476707,18.42973208,0.271542073
C1,16.11149634,4.616215244,18.42973208,0.271542073
C1,16.56406646,10.13757073,18.42973208,0.271542073
C1,17.74074878,8.327290244,18.42973208,0.362056098
C1,22.90004817,11.133225,18.42973208,0.271542073
C1,22.90004817,16.11149634,18.42973208,0.271542073
C1,22.35696402,12.30990732,18.42973208,0.543084146
C1,22.35696402,16.11149634,18.42973208,0.543084146
C1,22.35696402,13.30556159,18.42973208,0.271542073
C1,23.17159024,12.40042134,18.42973208,0.362056098
C1,19.2794872,8.327290244,18.42973208,0.271542073
C1,23.80518841,13.39607561,18.42973208,0.271542073
C1,18.28383293,9.413458537,18.42973208,0.271542073
C1,19.00794512,10.31859878,18.42973208,0.271542073
C1,20.99925366,11.31425305,18.42973208,0.543084146
C1,20.36565549,11.22373902,18.42973208,0.271542073
C1,23.44313232,13.93915976,18.42973208,0.271542073
C1,23.44313232,15.02532805,18.42973208,0.362056098
C1,20.09411341,7.874720122,18.42973208,0.271542073
C1,15.93046829,7.060093902,18.42973208,0.362056098
C2,20.27514146,7.693692073,18.42973208,0.271542073
C2,20.27514146,31.77042256,18.42973208,0.271542073
C2,22.35696402,13.66761768,18.42973208,0.271542073
C2,19.18897317,12.21939329,18.42973208,0.271542073
C2,19.18897317,8.87037439,18.42973208,0.271542073
C2,19.18897317,9.775514634,18.42973208,0.271542073
C2,21.18028171,7.42215,18.42973208,0.271542073
C2,21.18028171,9.956542683,18.42973208,0.362056098
C2,19.46051524,11.40476707,18.42973208,0.362056098
C2,18.555375,12.58144939,18.42973208,0.543084146
C2,17.37869268,14.02967378,18.42973208,0.271542073
C2,17.37869268,14.75378598,18.42973208,0.271542073
C2,22.6285061,11.58579512,18.42973208,0.271542073
C2,23.89570244,15.02532805,18.42973208,0.271542073
C2,19.73205732,9.503972561,18.42973208,0.452570122
C2,19.73205732,25.16289878,18.42973208,0.271542073
C2,9.68500061,17.28817866,18.42973208,0.271542073
C2,6.969579878,26.43009512,18.42973208,0.543084146
C2,19.55102927,5.340327439,18.42973208,0.271542073
C2,30.23168415,14.75378598,18.42973208,0.271542073
C2,8.598832317,18.555375,18.42973208,0.271542073
C2,19.91308537,3.801589024,18.42973208,0.271542073
C2,39.46411463,0.81462622,18.42973208,0.362056098
C2,16.47355244,1.900794512,18.42973208,0.543084146
C2,36.83920793,14.75378598,18.42973208,0.271542073
C2,12.76247744,28.87397378,18.42973208,0.271542073
C1,16.11149634,4.616215244,18.05361509,0.271542073
C1,17.74074878,8.417804268,18.05361509,0.271542073
C1,16.56406646,10.13757073,18.05361509,0.271542073
C1,22.26645,15.93046829,18.05361509,0.271542073
C1,22.26645,13.30556159,18.05361509,0.271542073
C1,18.64588902,11.4952811,18.05361509,0.362056098
C1,19.2794872,8.327290244,18.05361509,0.271542073
C1,22.35696402,12.30990732,18.05361509,0.543084146
C1,19.91308537,8.055748171,18.05361509,0.271542073
C1,19.18897317,10.49962683,18.05361509,0.271542073
C1,19.18897317,9.956542683,18.05361509,0.271542073
C1,20.81822561,11.31425305,18.05361509,0.543084146
C1,18.37434695,9.866028659,18.05361509,0.271542073
C1,16.74509451,5.521355488,18.05361509,0.271542073
C1,23.35261829,15.02532805,18.05361509,0.362056098
C1,23.35261829,16.29252439,18.05361509,0.543084146
C1,18.46486098,9.322944512,18.05361509,0.271542073
C1,23.89570244,13.39607561,18.05361509,0.543084146
C1,22.9905622,11.133225,18.05361509,0.452570122
C1,18.10280488,9.322944512,18.05361509,0.271542073
C1,19.37000122,11.67630915,18.05361509,0.271542073
C1,15.93046829,7.060093902,18.05361509,0.362056098
C2,18.555375,12.67196341,18.05361509,0.452570122
C2,20.27514146,7.693692073,18.05361509,0.271542073
C2,19.09845915,12.21939329,18.05361509,0.271542073
C2,19.73205732,25.16289878,18.05361509,0.271542073
C2,19.37000122,11.40476707,18.05361509,0.362056098
C2,39.55462866,0.81462622,18.05361509,0.362056098
C2,19.55102927,5.340327439,18.05361509,0.271542073
C2,16.11149634,1.810280488,18.05361509,0.271542073
C2,16.11149634,0.271542073,18.05361509,0.271542073
C2,22.35696402,13.66761768,18.05361509,0.362056098
C2,16.38303841,14.1201878,18.05361509,0.271542073
C2,18.1933189,13.21504756,18.05361509,0.271542073
C2,36.83920793,14.75378598,18.05361509,0.271542073
C2,20.81822561,12.03836524,18.05361509,0.271542073
C2,21.08976768,7.331635976,18.05361509,0.271542073
C2,12.76247744,28.87397378,18.05361509,0.271542073
C2,20.72771159,8.146262195,18.05361509,0.271542073
C2,20.72771159,12.94350549,18.05361509,0.271542073
C2,16.47355244,2.26285061,18.05361509,0.271542073
C2,9.956542683,28.51191768,18.05361509,0.271542073
C2,19.00794512,10.49962683,18.05361509,0.271542073
C2,17.46920671,14.1201878,18.05361509,0.362056098
C2,23.44313232,16.29252439,18.05361509,0.271542073
C2,19.64154329,9.413458537,18.05361509,0.362056098
C2,9.141916463,40.00719878,18.05361509,0.271542073
C2,22.6285061,16.74509451,18.05361509,0.271542073
C2,15.93046829,4.52570122,18.05361509,0.452570122
C2,22.53799207,11.58579512,18.05361509,0.362056098
C2,27.42574939,22.71902012,18.05361509,0.362056098
C2,9.775514634,17.28817866,18.05361509,0.271542073
C2,17.74074878,16.65458049,18.05361509,0.362056098
C2,20.00359939,3.801589024,18.05361509,0.362056098
C2,16.74509451,1.629252439,18.05361509,0.271542073
C2,19.18897317,9.775514634,18.05361509,0.271542073
C2,4.254159146,24.80084268,18.05361509,0.362056098
C2,15.11584207,4.073131098,18.05361509,0.271542073
C2,19.91308537,6.517009756,18.05361509,0.271542073
C2,23.71467439,15.11584207,18.05361509,0.452570122
C2,20.09411341,11.76682317,18.05361509,0.271542073
C2,22.71902012,12.12887927,18.05361509,0.271542073
C1,16.11149634,4.616215244,17.67749811,0.271542073
C1,22.35696402,16.02098232,17.67749811,0.271542073
C1,17.8312628,8.417804268,17.67749811,0.271542073
C1,17.8312628,12.03836524,17.67749811,0.271542073
C1,19.2794872,8.417804268,17.67749811,0.271542073
C1,19.2794872,9.232430488,17.67749811,0.271542073
C1,19.2794872,11.67630915,17.67749811,0.271542073
C1,18.555375,11.58579512,17.67749811,0.271542073
C1,18.555375,6.788551829,17.67749811,0.271542073
C1,22.44747805,12.21939329,17.67749811,0.543084146
C1,20.54668354,11.40476707,17.67749811,0.271542073
C1,23.35261829,16.20201037,17.67749811,0.271542073
C1,20.18462744,7.965234146,17.67749811,0.362056098
C1,19.09845915,10.49962683,17.67749811,0.271542073
C1,19.09845915,9.956542683,17.67749811,0.271542073
C1,23.71467439,14.21070183,17.67749811,0.271542073
C1,22.26645,13.30556159,17.67749811,0.271542073
C1,22.26645,15.29687012,17.67749811,0.271542073
C1,16.47355244,10.13757073,17.67749811,0.452570122
C1,16.74509451,5.611869512,17.67749811,0.271542073
C1,18.28383293,10.7711689,17.67749811,0.271542073
C1,18.28383293,9.413458537,17.67749811,0.271542073
C1,21.81387988,12.03836524,17.67749811,0.271542073
C1,18.1933189,4.435187195,17.67749811,0.271542073
C1,23.17159024,15.02532805,17.67749811,0.271542073
C1,20.09411341,11.22373902,17.67749811,0.271542073
C1,18.46486098,9.866028659,17.67749811,0.271542073
C1,19.00794512,5.430841463,17.67749811,0.543084146
C2,18.46486098,12.58144939,17.67749811,0.271542073
C2,19.46051524,11.40476707,17.67749811,0.271542073
C2,39.55462866,0.81462622,17.67749811,0.271542073
C2,16.11149634,1.810280488,17.67749811,0.271542073
C2,19.18897317,12.12887927,17.67749811,0.271542073
C2,19.18897317,7.784206098,17.67749811,0.271542073
C2,22.6285061,16.74509451,17.67749811,0.271542073
C2,23.53364634,16.29252439,17.67749811,0.271542073
C2,19.73205732,25.16289878,17.67749811,0.271542073
C2,20.27514146,7.965234146,17.67749811,0.452570122
C2,16.38303841,14.1201878,17.67749811,0.271542073
C2,19.00794512,10.49962683,17.67749811,0.271542073
C2,27.42574939,22.71902012,17.67749811,0.271542073
C2,18.10280488,13.30556159,17.67749811,0.271542073
C2,19.55102927,5.430841463,17.67749811,0.362056098
C2,19.55102927,9.322944512,17.67749811,0.271542073
C2,25.52495488,19.09845915,17.67749811,0.271542073
C2,24.43878659,21.36130976,17.67749811,0.271542073
C2,20.09411341,3.982617073,17.67749811,0.271542073
C2,9.956542683,28.60243171,17.67749811,0.271542073
C2,22.80953415,12.76247744,17.67749811,0.271542073
C2,15.74944024,4.616215244,17.67749811,0.362056098
C2,20.00359939,6.60752378,17.67749811,0.271542073
C2,20.63719756,12.85299146,17.67749811,0.271542073
C2,17.65023476,16.65458049,17.67749811,0.452570122
C2,20.81822561,12.03836524,17.67749811,0.271542073
C2,36.7486939,14.66327195,17.67749811,0.271542073
C2,19.2794872,9.866028659,17.67749811,0.271542073
C2,19.37000122,7.150607927,17.67749811,0.271542073
C1,22.35696402,16.02098232,17.30138113,0.271542073
C1,19.00794512,5.249813415,17.30138113,0.271542073
C1,19.2794872,9.322944512,17.30138113,0.271542073
C1,16.11149634,4.52570122,17.30138113,0.362056098
C1,18.28383293,4.435187195,17.30138113,0.271542073
C1,18.28383293,9.413458537,17.30138113,0.271542073
C1,20.09411341,7.965234146,17.30138113,0.271542073
C1,20.09411341,13.48658963,17.30138113,0.271542073
C1,19.37000122,8.508318293,17.30138113,0.362056098
C1,19.37000122,4.616215244,17.30138113,0.271542073
C1,19.37000122,12.30990732,17.30138113,0.271542073
C1,17.74074878,8.417804268,17.30138113,0.362056098
C1,23.35261829,16.20201037,17.30138113,0.271542073
C1,18.64588902,6.788551829,17.30138113,0.271542073
C1,19.18897317,10.04705671,17.30138113,0.271542073
C1,23.62416037,14.02967378,17.30138113,0.271542073
C1,15.38738415,2.534392683,17.30138113,0.271542073
C1,20.45616951,11.4952811,17.30138113,0.362056098
C1,18.46486098,10.95219695,17.30138113,0.271542073
C1,18.555375,11.58579512,17.30138113,0.271542073
C1,16.56406646,6.335981707,17.30138113,0.271542073
C1,17.55972073,5.97392561,17.30138113,0.271542073
C1,22.44747805,13.30556159,17.30138113,0.271542073
C1,21.72336585,14.02967378,17.30138113,0.271542073
C1,21.72336585,12.03836524,17.30138113,0.271542073
C1,22.6285061,12.03836524,17.30138113,0.543084146
C1,22.6285061,13.57710366,17.30138113,0.271542073
C1,16.65458049,5.521355488,17.30138113,0.271542073
C1,17.65023476,3.530046951,17.30138113,0.362056098
C1,16.74509451,9.141916463,17.30138113,0.271542073
C1,14.4822439,1.086168293,17.30138113,0.271542073
C1,22.9905622,12.85299146,17.30138113,0.271542073
C1,21.27079573,13.39607561,17.30138113,0.271542073
C1,21.9043939,12.76247744,17.30138113,0.271542073
C1,16.83560854,6.969579878,17.30138113,0.271542073
C1,15.11584207,0.905140244,17.30138113,0.452570122
C1,17.28817866,6.426495732,17.30138113,0.271542073
C1,23.98621646,16.29252439,17.30138113,0.271542073
C1,23.17159024,14.93481402,17.30138113,0.271542073
C1,17.8312628,12.03836524,17.30138113,0.362056098
C2,18.46486098,12.58144939,17.30138113,0.362056098
C2,23.53364634,16.29252439,17.30138113,0.271542073
C2,22.6285061,16.74509451,17.30138113,0.271542073
C2,19.46051524,11.31425305,17.30138113,0.271542073
C2,19.46051524,7.241121951,17.30138113,0.271542073
C2,19.46051524,5.430841463,17.30138113,0.362056098
C2,24.43878659,21.36130976,17.30138113,0.271542073
C2,16.11149634,1.810280488,17.30138113,0.271542073
C2,25.52495488,19.09845915,17.30138113,0.271542073
C2,19.18897317,7.874720122,17.30138113,0.271542073
C2,19.09845915,12.12887927,17.30138113,0.271542073
C2,22.80953415,12.67196341,17.30138113,0.271542073
C2,19.00794512,10.59014085,17.30138113,0.271542073
C2,18.01229085,13.21504756,17.30138113,0.271542073
C2,17.65023476,16.65458049,17.30138113,0.362056098
C2,20.00359939,6.60752378,17.30138113,0.271542073
C2,2.172336585,29.6886,17.30138113,0.271542073
C2,19.91308537,11.8573372,17.30138113,0.271542073
C2,15.74944024,4.52570122,17.30138113,0.362056098
C2,16.38303841,14.1201878,17.30138113,0.271542073
C2,20.18462744,8.055748171,17.30138113,0.362056098
C2,25.977525,22.53799207,17.30138113,0.271542073
C2,14.66327195,0.724112195,17.30138113,0.271542073
C2,20.09411341,3.892103049,17.30138113,0.362056098
C2,15.47789817,14.39172988,17.30138113,0.271542073
C2,0.995654268,30.32219817,17.30138113,0.271542073
C2,22.90004817,15.83995427,17.30138113,0.271542073
C2,39.46411463,0.81462622,17.30138113,0.452570122
C2,7.331635976,4.887757317,17.30138113,0.271542073
C2,13.39607561,18.82691707,17.30138113,0.271542073
C2,15.5684122,6.698037805,17.30138113,0.271542073
C2,20.45616951,12.76247744,17.30138113,0.271542073
C2,18.555375,11.31425305,17.30138113,0.271542073
C2,18.73640305,2.624906707,17.30138113,0.271542073
C1,19.00794512,5.340327439,16.92526415,0.271542073
C1,19.00794512,9.503972561,16.92526415,0.362056098
C1,18.28383293,4.52570122,16.92526415,0.271542073
C1,18.28383293,9.775514634,16.92526415,0.271542073
C1,21.81387988,15.83995427,16.92526415,0.271542073
C1,16.56406646,6.335981707,16.92526415,0.271542073
C1,20.09411341,13.39607561,16.92526415,0.271542073
C1,19.37000122,7.241121951,16.92526415,0.271542073
C1,21.72336585,14.02967378,16.92526415,0.271542073
C1,19.82257134,12.12887927,16.92526415,0.271542073
C1,21.27079573,13.39607561,16.92526415,0.271542073
C1,22.6285061,13.48658963,16.92526415,0.271542073
C1,23.35261829,16.29252439,16.92526415,0.362056098
C1,19.55102927,8.508318293,16.92526415,0.271542073
C1,17.55972073,5.97392561,16.92526415,0.271542073
C1,17.19766463,4.254159146,16.92526415,0.271542073
C1,16.20201037,4.254159146,16.92526415,0.543084146
C1,16.20201037,9.322944512,16.92526415,0.543084146
C1,17.65023476,5.521355488,16.92526415,0.271542073
C1,17.65023476,10.22808476,16.92526415,0.271542073
C1,18.46486098,10.95219695,16.92526415,0.271542073
C1,18.46486098,6.788551829,16.92526415,0.362056098
C1,19.18897317,7.965234146,16.92526415,0.271542073
C1,20.54668354,11.40476707,16.92526415,0.271542073
C1,23.08107622,12.85299146,16.92526415,0.362056098
C1,15.5684122,2.624906707,16.92526415,0.452570122
C1,16.11149634,5.521355488,16.92526415,0.271542073
C1,15.11584207,0.81462622,16.92526415,0.543084146
C1,18.1933189,8.327290244,16.92526415,0.271542073
C1,18.1933189,8.960888415,16.92526415,0.271542073
C1,14.8443,1.900794512,16.92526415,0.271542073
C1,19.2794872,10.31859878,16.92526415,0.271542073
C1,17.8312628,8.508318293,16.92526415,0.271542073
C1,17.74074878,8.055748171,16.92526415,0.452570122
C1,18.9174311,10.49962683,16.92526415,0.271542073
C1,21.08976768,16.02098232,16.92526415,0.543084146
C1,24.16724451,16.38303841,16.92526415,0.271542073
C1,21.9043939,12.76247744,16.92526415,0.271542073
C1,23.71467439,13.93915976,16.92526415,0.543084146
C1,24.80084268,15.83995427,16.92526415,0.452570122
C1,16.83560854,5.068785366,16.92526415,0.271542073
C1,17.28817866,8.598832317,16.92526415,0.271542073
C1,24.25775854,22.53799207,16.92526415,0.271542073
C1,17.92177683,11.22373902,16.92526415,0.271542073
C1,23.17159024,14.75378598,16.92526415,0.271542073
C1,19.64154329,10.68065488,16.92526415,0.271542073
C2,23.53364634,16.29252439,16.92526415,0.271542073
C2,24.43878659,21.36130976,16.92526415,0.271542073
C2,18.46486098,12.67196341,16.92526415,0.543084146
C2,22.6285061,16.74509451,16.92526415,0.271542073
C2,25.88701098,22.53799207,16.92526415,0.271542073
C2,19.18897317,7.874720122,16.92526415,0.271542073
C2,17.65023476,12.40042134,16.92526415,0.271542073
C2,22.90004817,15.93046829,16.92526415,0.271542073
C2,19.46051524,7.241121951,16.92526415,0.271542073
C2,14.75378598,0.81462622,16.92526415,0.271542073
C2,25.52495488,19.09845915,16.92526415,0.362056098
C2,15.65892622,4.52570122,16.92526415,0.271542073
C2,16.02098232,1.719766463,16.92526415,0.362056098
C2,2.172336585,29.6886,16.92526415,0.271542073
C2,7.693692073,3.258504878,16.92526415,0.271542073
C2,20.00359939,11.94785122,16.92526415,0.271542073
C2,20.00359939,6.60752378,16.92526415,0.271542073
C2,19.2794872,12.12887927,16.92526415,0.271542073
C2,15.29687012,4.887757317,16.92526415,0.543084146
C2,15.5684122,6.60752378,16.92526415,0.271542073
C2,15.5684122,1.176682317,16.92526415,0.271542073
C2,19.37000122,11.22373902,16.92526415,0.271542073
C2,22.80953415,12.67196341,16.92526415,0.362056098
C2,10.22808476,24.07673049,16.92526415,0.271542073
C2,15.02532805,1.538738415,16.92526415,0.271542073
C2,13.39607561,18.82691707,16.92526415,0.271542073
C1,18.9174311,9.503972561,16.54914717,0.271542073
C1,19.00794512,5.340327439,16.54914717,0.271542073
C1,19.00794512,7.784206098,16.54914717,0.271542073
C1,18.28383293,4.52570122,16.54914717,0.271542073
C1,18.28383293,6.788551829,16.54914717,0.271542073
C1,16.56406646,6.335981707,16.54914717,0.271542073
C1,21.72336585,15.93046829,16.54914717,0.271542073
C1,21.72336585,14.02967378,16.54914717,0.271542073
C1,19.82257134,12.12887927,16.54914717,0.271542073
C1,19.82257134,7.965234146,16.54914717,0.271542073
C1,19.37000122,7.241121951,16.54914717,0.271542073
C1,19.37000122,8.508318293,16.54914717,0.271542073
C1,22.6285061,13.48658963,16.54914717,0.271542073
C1,18.10280488,3.982617073,16.54914717,0.271542073
C1,18.10280488,8.960888415,16.54914717,0.271542073
C1,17.19766463,4.254159146,16.54914717,0.271542073
C1,17.46920671,6.245467683,16.54914717,0.271542073
C1,17.55972073,5.702383537,16.54914717,0.271542073
C1,21.08976768,16.02098232,16.54914717,0.543084146
C1,21.18028171,13.48658963,16.54914717,0.271542073
C1,14.57275793,1.267196341,16.54914717,0.271542073
C1,15.02532805,0.724112195,16.54914717,0.271542073
C1,16.29252439,9.322944512,16.54914717,0.543084146
C1,16.29252439,4.073131098,16.54914717,0.543084146
C1,23.08107622,16.38303841,16.54914717,0.543084146
C1,14.75378598,1.810280488,16.54914717,0.271542073
C1,21.81387988,16.65458049,16.54914717,0.271542073
C1,18.1933189,9.413458537,16.54914717,0.271542073
C1,22.71902012,15.65892622,16.54914717,0.271542073
C1,16.20201037,5.521355488,16.54914717,0.271542073
C1,15.74944024,4.435187195,16.54914717,0.271542073
C1,15.47789817,2.534392683,16.54914717,0.543084146
C1,15.47789817,4.978271341,16.54914717,0.271542073
C1,23.26210427,17.19766463,16.54914717,0.271542073
C1,22.80953415,17.55972073,16.54914717,0.271542073
C1,16.92612256,5.340327439,16.54914717,0.271542073
C1,15.5684122,1.991308537,16.54914717,0.271542073
C1,24.71032866,15.83995427,16.54914717,0.452570122
C1,20.00359939,13.66761768,16.54914717,0.543084146
C1,23.44313232,17.65023476,16.54914717,0.452570122
C1,24.25775854,22.71902012,16.54914717,0.271542073
C1,18.46486098,10.7711689,16.54914717,0.271542073
C2,17.65023476,12.40042134,16.54914717,0.271542073
C2,23.44313232,16.29252439,16.54914717,0.452570122
C2,18.37434695,12.67196341,16.54914717,0.543084146
C2,18.37434695,12.03836524,16.54914717,0.271542073
C2,15.29687012,4.978271341,16.54914717,0.452570122
C2,22.90004817,15.93046829,16.54914717,0.271542073
C2,25.88701098,22.53799207,16.54914717,0.271542073
C2,14.66327195,0.724112195,16.54914717,0.271542073
C2,19.18897317,7.874720122,16.54914717,0.271542073
C2,7.693692073,3.258504878,16.54914717,0.271542073
C2,24.34827256,21.36130976,16.54914717,0.362056098
C2,10.13757073,24.16724451,16.54914717,0.271542073
C2,19.55102927,7.150607927,16.54914717,0.271542073
C2,22.44747805,16.74509451,16.54914717,0.362056098
C2,15.5684122,1.44822439,16.54914717,0.543084146
C2,19.91308537,11.94785122,16.54914717,0.271542073
C2,19.37000122,4.073131098,16.54914717,0.271542073
C2,27.33523537,22.08542195,16.54914717,0.271542073
C2,25.43444085,19.09845915,16.54914717,0.452570122
C2,16.20201037,4.435187195,16.54914717,0.271542073
C2,13.12453354,1.357710366,16.54914717,0.271542073
C2,29.14551585,14.66327195,16.54914717,0.362056098
C2,16.11149634,1.810280488,16.54914717,0.271542073
C2,10.59014085,15.38738415,16.54914717,0.271542073
C2,23.62416037,23.71467439,16.54914717,0.452570122
C2,23.35261829,22.08542195,16.54914717,0.271542073
C2,22.26645,13.66761768,16.54914717,0.271542073
C1,18.9174311,9.503972561,16.17303019,0.271542073
C1,16.56406646,6.426495732,16.17303019,0.271542073
C1,21.72336585,15.83995427,16.17303019,0.271542073
C1,18.28383293,4.52570122,16.17303019,0.362056098
C1,17.28817866,4.344673171,16.17303019,0.271542073
C1,21.08976768,16.02098232,16.17303019,0.452570122
C1,19.82257134,12.12887927,16.17303019,0.271542073
C1,19.82257134,8.055748171,16.17303019,0.271542073
C1,18.64588902,3.982617073,16.17303019,0.271542073
C1,22.53799207,13.48658963,16.17303019,0.271542073
C1,22.53799207,15.47789817,16.17303019,0.271542073
C1,17.55972073,5.611869512,16.17303019,0.271542073
C1,19.09845915,5.340327439,16.17303019,0.452570122
C1,17.46920671,6.335981707,16.17303019,0.271542073
C1,14.4822439,1.267196341,16.17303019,0.271542073
C1,14.66327195,1.810280488,16.17303019,0.543084146
C1,16.29252439,9.413458537,16.17303019,0.543084146
C1,16.20201037,5.611869512,16.17303019,0.271542073
C1,14.39172988,2.89644878,16.17303019,0.543084146
C1,14.8443,0.633598171,16.17303019,0.271542073
C1,21.63285183,14.02967378,16.17303019,0.362056098
C1,23.17159024,16.38303841,16.17303019,0.452570122
C1,23.17159024,16.92612256,16.17303019,0.271542073
C1,13.93915976,1.810280488,16.17303019,0.271542073
C1,18.01229085,6.426495732,16.17303019,0.271542073
C1,18.01229085,6.879065854,16.17303019,0.271542073
C1,22.9905622,15.83995427,16.17303019,0.271542073
C1,15.02532805,5.792897561,16.17303019,0.452570122
C1,23.44313232,17.65023476,16.17303019,0.452570122
C1,21.18028171,13.48658963,16.17303019,0.362056098
C1,16.38303841,4.616215244,16.17303019,0.271542073
C1,22.44747805,16.65458049,16.17303019,0.271542073
C1,18.10280488,9.503972561,16.17303019,0.271542073
C1,19.73205732,8.689346341,16.17303019,0.271542073
C1,19.2794872,8.417804268,16.17303019,0.271542073
C1,19.2794872,3.801589024,16.17303019,0.543084146
C1,24.25775854,22.35696402,16.17303019,0.271542073
C1,15.65892622,2.624906707,16.17303019,0.362056098
C1,19.18897317,8.055748171,16.17303019,0.271542073
C1,15.38738415,1.176682317,16.17303019,0.271542073
C1,16.74509451,5.068785366,16.17303019,0.271542073
C1,18.46486098,6.245467683,16.17303019,0.271542073
C1,24.61981463,22.26645,16.17303019,0.271542073
C1,17.37869268,3.349018902,16.17303019,0.362056098
C2,17.65023476,12.40042134,16.17303019,0.271542073
C2,15.2063561,4.978271341,16.17303019,0.362056098
C2,23.62416037,23.71467439,16.17303019,0.271542073
C2,29.14551585,14.66327195,16.17303019,0.271542073
C2,15.47789817,1.44822439,16.17303019,0.362056098
C2,23.17159024,16.20201037,16.17303019,0.543084146
C2,16.11149634,4.435187195,16.17303019,0.271542073
C2,22.6285061,18.1933189,16.17303019,0.271542073
C2,14.66327195,0.724112195,16.17303019,0.271542073
C2,38.83051646,31.67990854,16.17303019,0.271542073
C2,23.35261829,22.08542195,16.17303019,0.271542073
C2,17.10715061,12.94350549,16.17303019,0.271542073
C2,22.35696402,13.57710366,16.17303019,0.362056098
C2,15.93046829,8.327290244,16.17303019,0.271542073
C2,13.30556159,0.543084146,16.17303019,0.271542073
C2,23.80518841,16.29252439,16.17303019,0.271542073
C2,22.53799207,16.47355244,16.17303019,0.271542073
C2,18.73640305,12.30990732,16.17303019,0.271542073
C2,7.603178049,3.258504878,16.17303019,0.362056098
C2,27.33523537,22.08542195,16.17303019,0.271542073
C2,25.88701098,22.44747805,16.17303019,0.362056098
C2,24.25775854,23.62416037,16.17303019,0.271542073
C2,24.07673049,15.2063561,16.17303019,0.271542073
C2,18.555375,13.03401951,16.17303019,0.271542073
C2,18.01229085,18.73640305,16.17303019,0.362056098
C2,16.20201037,1.176682317,16.17303019,0.271542073
C2,19.2794872,3.982617073,16.17303019,0.452570122
C1,14.75378598,1.900794512,15.79691321,0.271542073
C1,14.75378598,0.452570122,15.79691321,0.271542073
C1,17.19766463,4.344673171,15.79691321,0.271542073
C1,18.9174311,9.503972561,15.79691321,0.271542073
C1,18.9174311,3.892103049,15.79691321,0.543084146
C1,15.11584207,5.883411585,15.79691321,0.362056098
C1,17.55972073,5.611869512,15.79691321,0.271542073
C1,22.53799207,13.39607561,15.79691321,0.271542073
C1,14.57275793,2.805934756,15.79691321,0.543084146
C1,23.35261829,17.65023476,15.79691321,0.271542073
C1,23.35261829,19.82257134,15.79691321,0.271542073
C1,23.71467439,23.26210427,15.79691321,0.271542073
C1,16.56406646,6.426495732,15.79691321,0.362056098
C1,24.16724451,16.38303841,15.79691321,0.271542073
C1,18.73640305,4.616215244,15.79691321,0.271542073
C1,18.01229085,4.616215244,15.79691321,0.271542073
C1,13.93915976,1.810280488,15.79691321,0.271542073
C1,17.37869268,6.245467683,15.79691321,0.271542073
C1,21.08976768,16.02098232,15.79691321,0.543084146
C1,18.1933189,4.978271341,15.79691321,0.271542073
C1,18.10280488,6.426495732,15.79691321,0.271542073
C1,22.9905622,16.83560854,15.79691321,0.271542073
C1,22.9905622,21.18028171,15.79691321,0.271542073
C1,23.26210427,15.93046829,15.79691321,0.271542073
C1,16.29252439,9.413458537,15.79691321,0.543084146
C1,16.29252439,4.706729268,15.79691321,0.271542073
C1,21.9043939,15.74944024,15.79691321,0.271542073
C1,21.9043939,13.84864573,15.79691321,0.271542073
C1,16.20201037,5.611869512,15.79691321,0.271542073
C1,18.28383293,9.503972561,15.79691321,0.271542073
C1,14.4822439,1.176682317,15.79691321,0.271542073
C1,25.6154689,21.99490793,15.79691321,0.543084146
C1,22.6285061,18.10280488,15.79691321,0.271542073
C1,23.62416037,16.74509451,15.79691321,0.271542073
C1,23.62416037,18.73640305,15.79691321,0.271542073
C1,25.43444085,18.82691707,15.79691321,0.271542073
C1,22.90004817,19.18897317,15.79691321,0.271542073
C1,25.52495488,21.18028171,15.79691321,0.271542073
C1,19.91308537,12.03836524,15.79691321,0.543084146
C1,22.35696402,16.92612256,15.79691321,0.271542073
C1,23.80518841,19.37000122,15.79691321,0.271542073
C1,24.43878659,22.26645,15.79691321,0.271542073
C1,15.65892622,4.073131098,15.79691321,0.271542073
C2,15.2063561,4.978271341,15.79691321,0.362056098
C2,23.62416037,23.71467439,15.79691321,0.362056098
C2,17.55972073,12.40042134,15.79691321,0.362056098
C2,16.11149634,4.52570122,15.79691321,0.271542073
C2,29.14551585,14.66327195,15.79691321,0.362056098
C2,14.4822439,4.978271341,15.79691321,0.271542073
C2,13.30556159,0.543084146,15.79691321,0.271542073
C2,22.6285061,18.10280488,15.79691321,0.271542073
C2,13.75813171,0,15.79691321,0.271542073
C2,25.2534128,26.24906707,15.79691321,0.271542073
C2,15.47789817,1.357710366,15.79691321,0.452570122
C2,15.47789817,40.91233902,15.79691321,0.271542073
C2,15.93046829,8.23677622,15.79691321,0.271542073
C2,17.10715061,12.94350549,15.79691321,0.271542073
C2,40.36925488,22.08542195,15.79691321,0.271542073
C2,19.09845915,3.801589024,15.79691321,0.271542073
C2,24.07673049,15.2063561,15.79691321,0.271542073
C2,17.92177683,18.73640305,15.79691321,0.362056098
C2,43.44673171,13.30556159,15.79691321,0.271542073
C2,23.89570244,19.73205732,15.79691321,0.271542073
C2,14.75378598,1.900794512,15.79691321,0.271542073
C2,20.99925366,14.93481402,15.79691321,0.271542073
C2,23.53364634,22.80953415,15.79691321,0.271542073
C2,20.18462744,33.67121707,15.79691321,0.271542073
C2,23.17159024,16.11149634,15.79691321,0.543084146
C2,22.35696402,13.48658963,15.79691321,0.362056098
C1,14.75378598,1.991308537,15.42079623,0.271542073
C1,14.66327195,2.805934756,15.42079623,0.543084146
C1,23.44313232,17.65023476,15.42079623,0.271542073
C1,23.71467439,23.26210427,15.42079623,0.271542073
C1,24.16724451,16.29252439,15.42079623,0.271542073
C1,13.93915976,1.810280488,15.42079623,0.271542073
C1,18.9174311,3.892103049,15.42079623,0.543084146
C1,18.9174311,9.322944512,15.42079623,0.543084146
C1,15.29687012,5.249813415,15.42079623,0.271542073
C1,25.52495488,21.9043939,15.42079623,0.271542073
C1,17.46920671,5.792897561,15.42079623,0.362056098
C1,17.46920671,5.068785366,15.42079623,0.271542073
C1,17.46920671,3.530046951,15.42079623,0.543084146
C1,17.28817866,4.073131098,15.42079623,0.543084146
C1,17.8312628,4.163645122,15.42079623,0.271542073
C1,23.26210427,15.93046829,15.42079623,0.271542073
C1,23.26210427,19.91308537,15.42079623,0.271542073
C1,15.11584207,5.792897561,15.42079623,0.543084146
C1,18.555375,4.706729268,15.42079623,0.271542073
C1,22.90004817,16.83560854,15.42079623,0.271542073
C1,22.90004817,21.18028171,15.42079623,0.271542073
C1,25.43444085,21.18028171,15.42079623,0.271542073
C1,16.47355244,4.706729268,15.42079623,0.271542073
C1,25.977525,20.09411341,15.42079623,0.271542073
C1,18.01229085,6.426495732,15.42079623,0.271542073
C1,13.66761768,3.439532927,15.42079623,0.271542073
C1,16.20201037,4.52570122,15.42079623,0.271542073
C1,16.20201037,3.620560976,15.42079623,0.271542073
C1,23.08107622,19.2794872,15.42079623,0.271542073
C1,18.28383293,5.249813415,15.42079623,0.271542073
C1,22.26645,18.46486098,15.42079623,0.543084146
C1,22.26645,16.02098232,15.42079623,0.271542073
C1,16.11149634,5.430841463,15.42079623,0.271542073
C1,24.61981463,22.35696402,15.42079623,0.271542073
C1,19.18897317,5.430841463,15.42079623,0.271542073
C1,15.65892622,2.534392683,15.42079623,0.271542073
C1,23.89570244,19.46051524,15.42079623,0.271542073
C1,22.44747805,17.10715061,15.42079623,0.271542073
C1,22.08542195,16.29252439,15.42079623,0.271542073
C1,17.19766463,6.698037805,15.42079623,0.271542073
C1,13.30556159,1.900794512,15.42079623,0.543084146
C1,22.17593598,21.18028171,15.42079623,0.271542073
C1,23.80518841,20.45616951,15.42079623,0.362056098
C1,14.8443,0.724112195,15.42079623,0.271542073
C1,18.1933189,9.413458537,15.42079623,0.271542073
C1,24.34827256,20.00359939,15.42079623,0.271542073
C2,23.53364634,23.71467439,15.42079623,0.362056098
C2,23.53364634,22.90004817,15.42079623,0.271542073
C2,15.02532805,4.887757317,15.42079623,0.452570122
C2,25.34392683,26.24906707,15.42079623,0.271542073
C2,13.30556159,0.543084146,15.42079623,0.271542073
C2,16.20201037,4.616215244,15.42079623,0.271542073
C2,8.417804268,24.43878659,15.42079623,0.271542073
C2,23.62416037,18.10280488,15.42079623,0.271542073
C2,24.61981463,25.79649695,15.42079623,0.271542073
C2,20.18462744,33.7617311,15.42079623,0.271542073
C2,29.05500183,14.66327195,15.42079623,0.362056098
C2,13.75813171,0,15.42079623,0.362056098
C2,24.80084268,22.9905622,15.42079623,0.271542073
C2,40.36925488,22.08542195,15.42079623,0.271542073
C2,22.6285061,18.1933189,15.42079623,0.362056098
C2,19.09845915,3.801589024,15.42079623,0.362056098
C2,17.46920671,12.58144939,15.42079623,0.543084146
C2,23.17159024,16.02098232,15.42079623,0.362056098
C2,20.90873963,14.93481402,15.42079623,0.271542073
C2,17.01663659,12.94350549,15.42079623,0.271542073
C2,16.29252439,3.620560976,15.42079623,0.271542073
C2,43.44673171,13.39607561,15.42079623,0.271542073
C2,23.89570244,22.53799207,15.42079623,0.271542073
C1,14.75378598,1.991308537,15.04467925,0.271542073
C1,14.66327195,2.986962805,15.04467925,0.543084146
C1,14.66327195,0.724112195,15.04467925,0.271542073
C1,23.44313232,17.65023476,15.04467925,0.271542073
C1,23.26210427,15.93046829,15.04467925,0.271542073
C1,23.62416037,23.17159024,15.04467925,0.271542073
C1,23.62416037,20.45616951,15.04467925,0.271542073
C1,18.9174311,3.892103049,15.04467925,0.543084146
C1,17.37869268,5.883411585,15.04467925,0.271542073
C1,22.90004817,16.74509451,15.04467925,0.271542073
C1,22.90004817,21.18028171,15.04467925,0.271542073
C1,13.93915976,1.719766463,15.04467925,0.271542073
C1,25.977525,20.18462744,15.04467925,0.271542073
C1,25.34392683,21.27079573,15.04467925,0.271542073
C1,25.16289878,22.17593598,15.04467925,0.271542073
C1,22.35696402,18.37434695,15.04467925,0.543084146
C1,25.79649695,22.08542195,15.04467925,0.543084146
C1,16.56406646,4.887757317,15.04467925,0.362056098
C1,23.80518841,24.16724451,15.04467925,0.362056098
C1,23.80518841,19.46051524,15.04467925,0.271542073
C1,17.74074878,4.344673171,15.04467925,0.271542073
C1,17.74074878,5.15929939,15.04467925,0.271542073
C1,24.52930061,22.44747805,15.04467925,0.271542073
C1,24.52930061,23.98621646,15.04467925,0.452570122
C1,18.46486098,4.706729268,15.04467925,0.271542073
C1,17.28817866,4.887757317,15.04467925,0.271542073
C1,17.8312628,5.521355488,15.04467925,0.271542073
C1,15.02532805,5.792897561,15.04467925,0.543084146
C1,15.93046829,5.068785366,15.04467925,0.271542073
C1,23.08107622,19.2794872,15.04467925,0.271542073
C1,16.02098232,4.344673171,15.04467925,0.271542073
C1,13.39607561,1.900794512,15.04467925,0.543084146
C1,23.71467439,18.37434695,15.04467925,0.271542073
C1,16.29252439,3.711075,15.04467925,0.271542073
C1,16.38303841,5.792897561,15.04467925,0.271542073
C1,18.10280488,6.426495732,15.04467925,0.271542073
C1,18.10280488,3.530046951,15.04467925,0.271542073
C1,16.83560854,6.335981707,15.04467925,0.271542073
C1,22.26645,19.64154329,15.04467925,0.452570122
C1,24.61981463,16.11149634,15.04467925,0.543084146
C1,22.17593598,21.18028171,15.04467925,0.452570122
C1,21.9043939,16.65458049,15.04467925,0.271542073
C1,24.43878659,20.18462744,15.04467925,0.271542073
C1,24.25775854,18.28383293,15.04467925,0.271542073
C1,17.46920671,3.439532927,15.04467925,0.543084146
C1,13.66761768,3.439532927,15.04467925,0.362056098
C1,13.84864573,0.633598171,15.04467925,0.271542073
C1,24.98187073,23.44313232,15.04467925,0.543084146
C2,23.44313232,23.62416037,15.04467925,0.452570122
C2,23.44313232,22.71902012,15.04467925,0.271542073
C2,23.44313232,19.18897317,15.04467925,0.271542073
C2,14.93481402,4.797243293,15.04467925,0.362056098
C2,24.61981463,25.977525,15.04467925,0.271542073
C2,24.71032866,22.9905622,15.04467925,0.271542073
C2,24.71032866,25.07238476,15.04467925,0.271542073
C2,25.34392683,25.79649695,15.04467925,0.543084146
C2,23.62416037,17.92177683,15.04467925,0.271542073
C2,23.62416037,18.73640305,15.04467925,0.271542073
C2,8.417804268,24.52930061,15.04467925,0.271542073
C2,14.39172988,4.887757317,15.04467925,0.271542073
C2,16.02098232,4.797243293,15.04467925,0.543084146
C2,26.61112317,20.09411341,15.04467925,0.362056098
C2,23.26210427,15.83995427,15.04467925,0.271542073
C2,23.89570244,20.36565549,15.04467925,0.271542073
C2,15.29687012,5.521355488,15.04467925,0.271542073
C2,16.38303841,3.620560976,15.04467925,0.271542073
C2,22.17593598,16.02098232,15.04467925,0.271542073
C2,22.44747805,18.1933189,15.04467925,0.271542073
C2,20.27514146,33.7617311,15.04467925,0.271542073
C2,13.66761768,0,15.04467925,0.543084146
C2,21.08976768,16.20201037,15.04467925,0.271542073
C2,24.43878659,20.72771159,15.04467925,0.271542073
C2,22.53799207,19.18897317,15.04467925,0.271542073
C2,22.08542195,15.38738415,15.04467925,0.271542073
C2,25.88701098,20.81822561,15.04467925,0.271542073
C2,25.79649695,20.09411341,15.04467925,0.271542073
C2,26.3395811,18.37434695,15.04467925,0.452570122
C1,22.44747805,18.28383293,14.66856226,0.271542073
C1,25.88701098,20.27514146,14.66856226,0.271542073
C1,25.88701098,22.08542195,14.66856226,0.271542073
C1,14.75378598,2.89644878,14.66856226,0.543084146
C1,23.17159024,15.83995427,14.66856226,0.271542073
C1,23.17159024,22.9905622,14.66856226,0.452570122
C1,24.80084268,23.08107622,14.66856226,0.271542073
C1,25.07238476,22.17593598,14.66856226,0.271542073
C1,25.43444085,21.27079573,14.66856226,0.271542073
C1,23.62416037,24.25775854,14.66856226,0.543084146
C1,22.90004817,16.83560854,14.66856226,0.271542073
C1,22.90004817,23.71467439,14.66856226,0.271542073
C1,22.90004817,21.45182378,14.66856226,0.271542073
C1,14.21070183,2.534392683,14.66856226,0.271542073
C1,24.34827256,23.80518841,14.66856226,0.271542073
C1,18.64588902,3.892103049,14.66856226,0.543084146
C1,14.66327195,1.810280488,14.66856226,0.271542073
C1,23.53364634,20.45616951,14.66856226,0.271542073
C1,24.43878659,22.35696402,14.66856226,0.271542073
C1,24.43878659,19.91308537,14.66856226,0.271542073
C1,17.37869268,5.883411585,14.66856226,0.271542073
C1,16.83560854,4.797243293,14.66856226,0.543084146
C1,16.02098232,4.435187195,14.66856226,0.271542073
C1,23.35261829,19.18897317,14.66856226,0.271542073
C1,23.35261829,17.46920671,14.66856226,0.271542073
C1,23.80518841,18.28383293,14.66856226,0.271542073
C1,23.80518841,17.10715061,14.66856226,0.271542073
C1,15.11584207,5.430841463,14.66856226,0.543084146
C1,17.65023476,3.982617073,14.66856226,0.271542073
C1,23.98621646,22.71902012,14.66856226,0.271542073
C1,23.89570244,19.91308537,14.66856226,0.271542073
C1,26.97317927,20.36565549,14.66856226,0.543084146
C1,17.28817866,3.711075,14.66856226,0.271542073
C1,22.35696402,19.64154329,14.66856226,0.543084146
C1,13.30556159,1.900794512,14.66856226,0.452570122
C1,13.30556159,0.362056098,14.66856226,0.271542073
C1,19.73205732,4.254159146,14.66856226,0.362056098
C1,19.73205732,5.249813415,14.66856226,0.362056098
C1,16.20201037,3.620560976,14.66856226,0.271542073
C1,24.52930061,20.54668354,14.66856226,0.271542073
C1,27.60677744,20.18462744,14.66856226,0.271542073
C1,15.02532805,4.52570122,14.66856226,0.271542073
C1,24.16724451,19.2794872,14.66856226,0.271542073
C1,15.93046829,5.883411585,14.66856226,0.271542073
C2,25.34392683,25.70598293,14.66856226,0.271542073
C2,23.26210427,23.53364634,14.66856226,0.543084146
C2,23.26210427,24.61981463,14.66856226,0.271542073
C2,26.3395811,18.37434695,14.66856226,0.362056098
C2,22.53799207,19.37000122,14.66856226,0.271542073
C2,22.53799207,18.1933189,14.66856226,0.271542073
C2,26.7016372,20.18462744,14.66856226,0.362056098
C2,23.53364634,22.80953415,14.66856226,0.271542073
C2,23.53364634,18.10280488,14.66856226,0.271542073
C2,24.43878659,20.81822561,14.66856226,0.271542073
C2,24.71032866,25.07238476,14.66856226,0.271542073
C2,23.44313232,19.18897317,14.66856226,0.271542073
C2,24.61981463,22.9905622,14.66856226,0.362056098
C2,23.62416037,20.36565549,14.66856226,0.271542073
C2,23.62416037,17.55972073,14.66856226,0.543084146
C2,21.81387988,26.97317927,14.66856226,0.271542073
C2,15.74944024,4.978271341,14.66856226,0.543084146
C2,23.80518841,16.74509451,14.66856226,0.362056098
C2,25.79649695,20.09411341,14.66856226,0.271542073
C2,6.60752378,19.46051524,14.66856226,0.362056098
C2,16.11149634,4.435187195,14.66856226,0.271542073
C2,23.35261829,18.555375,14.66856226,0.271542073
C2,23.35261829,15.83995427,14.66856226,0.271542073
C2,14.66327195,4.797243293,14.66856226,0.271542073
C2,22.80953415,20.81822561,14.66856226,0.271542073
C2,16.29252439,4.887757317,14.66856226,0.271542073
C2,22.71902012,18.64588902,14.66856226,0.271542073
C2,20.99925366,16.20201037,14.66856226,0.271542073
C2,22.17593598,16.11149634,14.66856226,0.271542073
C2,24.80084268,11.94785122,14.66856226,0.271542073
C2,30.59374024,15.38738415,14.66856226,0.271542073
C1,22.44747805,18.28383293,14.29244528,0.271542073
C1,23.89570244,24.25775854,14.29244528,0.271542073
C1,23.89570244,18.10280488,14.29244528,0.271542073
C1,23.89570244,19.91308537,14.29244528,0.271542073
C1,23.89570244,17.28817866,14.29244528,0.271542073
C1,24.80084268,23.08107622,14.29244528,0.271542073
C1,23.17159024,22.9905622,14.29244528,0.362056098
C1,23.17159024,15.74944024,14.29244528,0.452570122
C1,23.44313232,20.45616951,14.29244528,0.271542073
C1,23.35261829,19.18897317,14.29244528,0.271542073
C1,25.977525,22.17593598,14.29244528,0.362056098
C1,25.88701098,20.27514146,14.29244528,0.271542073
C1,22.90004817,23.71467439,14.29244528,0.271542073
C1,22.90004817,21.45182378,14.29244528,0.271542073
C1,16.11149634,4.435187195,14.29244528,0.271542073
C1,26.79215122,20.36565549,14.29244528,0.271542073
C1,25.07238476,22.17593598,14.29244528,0.271542073
C1,14.66327195,2.89644878,14.29244528,0.543084146
C1,24.34827256,23.80518841,14.29244528,0.271542073
C1,15.29687012,5.249813415,14.29244528,0.362056098
C1,17.19766463,4.887757317,14.29244528,0.271542073
C1,24.43878659,22.35696402,14.29244528,0.271542073
C1,24.16724451,22.90004817,14.29244528,0.271542073
C1,24.16724451,25.79649695,14.29244528,0.543084146
C1,25.43444085,21.27079573,14.29244528,0.271542073
C1,23.08107622,24.52930061,14.29244528,0.543084146
C1,22.9905622,16.83560854,14.29244528,0.362056098
C1,18.64588902,4.616215244,14.29244528,0.271542073
C1,27.33523537,20.09411341,14.29244528,0.271542073
C1,16.56406646,5.249813415,14.29244528,0.271542073
C1,17.74074878,3.892103049,14.29244528,0.271542073
C1,13.93915976,2.624906707,14.29244528,0.271542073
C1,14.21070183,1.991308537,14.29244528,0.271542073
C1,14.57275793,1.719766463,14.29244528,0.271542073
C1,24.52930061,20.63719756,14.29244528,0.271542073
C1,25.6154689,19.00794512,14.29244528,0.543084146
C1,26.7016372,21.5423378,14.29244528,0.271542073
C1,27.06369329,19.55102927,14.29244528,0.271542073
C1,22.26645,19.64154329,14.29244528,0.452570122
C1,23.80518841,16.29252439,14.29244528,0.271542073
C2,26.3395811,18.37434695,14.29244528,0.362056098
C2,26.3395811,19.09845915,14.29244528,0.271542073
C2,26.3395811,22.35696402,14.29244528,0.362056098
C2,22.53799207,19.37000122,14.29244528,0.271542073
C2,25.34392683,25.70598293,14.29244528,0.271542073
C2,23.80518841,16.65458049,14.29244528,0.271542073
C2,24.34827256,20.81822561,14.29244528,0.271542073
C2,23.08107622,23.44313232,14.29244528,0.452570122
C2,23.35261829,19.2794872,14.29244528,0.271542073
C2,23.35261829,20.27514146,14.29244528,0.271542073
C2,23.44313232,23.08107622,14.29244528,0.271542073
C2,23.44313232,18.37434695,14.29244528,0.271542073
C2,6.60752378,19.46051524,14.29244528,0.271542073
C2,23.89570244,24.16724451,14.29244528,0.271542073
C2,23.26210427,24.52930061,14.29244528,0.271542073
C2,26.7016372,20.18462744,14.29244528,0.452570122
C2,24.43878659,25.79649695,14.29244528,0.271542073
C2,24.43878659,18.1933189,14.29244528,0.362056098
C2,24.61981463,25.07238476,14.29244528,0.271542073
C2,30.50322622,15.29687012,14.29244528,0.271542073
C2,24.25775854,22.90004817,14.29244528,0.271542073
C2,22.71902012,18.73640305,14.29244528,0.271542073
C2,23.98621646,23.71467439,14.29244528,0.271542073
C2,25.79649695,20.00359939,14.29244528,0.271542073
C2,15.65892622,4.978271341,14.29244528,0.362056098
C1,22.44747805,18.28383293,13.9163283,0.362056098
C1,22.90004817,23.71467439,13.9163283,0.271542073
C1,22.90004817,21.27079573,13.9163283,0.271542073
C1,23.89570244,24.25775854,13.9163283,0.271542073
C1,23.89570244,18.1933189,13.9163283,0.271542073
C1,23.89570244,19.91308537,13.9163283,0.271542073
C1,23.35261829,19.2794872,13.9163283,0.271542073
C1,23.08107622,22.9905622,13.9163283,0.271542073
C1,23.08107622,24.61981463,13.9163283,0.271542073
C1,16.11149634,4.435187195,13.9163283,0.271542073
C1,25.43444085,19.2794872,13.9163283,0.271542073
C1,26.06803902,22.17593598,13.9163283,0.452570122
C1,24.98187073,22.9905622,13.9163283,0.271542073
C1,26.7016372,20.45616951,13.9163283,0.362056098
C1,23.44313232,20.45616951,13.9163283,0.362056098
C1,25.07238476,22.17593598,13.9163283,0.271542073
C1,24.34827256,22.9905622,13.9163283,0.271542073
C1,24.34827256,23.80518841,13.9163283,0.271542073
C1,25.88701098,20.27514146,13.9163283,0.271542073
C1,27.42574939,20.18462744,13.9163283,0.271542073
C1,17.10715061,4.797243293,13.9163283,0.271542073
C1,23.26210427,17.37869268,13.9163283,0.271542073
C1,24.25775854,22.35696402,13.9163283,0.271542073
C1,14.66327195,2.805934756,13.9163283,0.543084146
C1,14.66327195,5.068785366,13.9163283,0.271542073
C1,27.06369329,19.64154329,13.9163283,0.271542073
C1,18.28383293,3.892103049,13.9163283,0.543084146
C1,18.64588902,4.616215244,13.9163283,0.271542073
C1,15.29687012,5.249813415,13.9163283,0.543084146
C1,26.61112317,21.63285183,13.9163283,0.271542073
C1,24.07673049,25.79649695,13.9163283,0.452570122
C1,24.52930061,20.72771159,13.9163283,0.271542073
C1,25.34392683,21.18028171,13.9163283,0.271542073
C1,16.47355244,5.430841463,13.9163283,0.362056098
C1,14.21070183,2.081822561,13.9163283,0.271542073
C1,22.71902012,16.83560854,13.9163283,0.543084146
C1,17.28817866,5.702383537,13.9163283,0.271542073
C1,13.84864573,2.353364634,13.9163283,0.271542073
C1,14.93481402,1.991308537,13.9163283,0.271542073
C1,16.65458049,3.892103049,13.9163283,0.271542073
C1,18.10280488,4.797243293,13.9163283,0.271542073
C1,14.4822439,1.538738415,13.9163283,0.362056098
C2,26.3395811,18.46486098,13.9163283,0.362056098
C2,26.3395811,22.26645,13.9163283,0.271542073
C2,23.80518841,16.74509451,13.9163283,0.271542073
C2,23.62416037,17.37869268,13.9163283,0.271542073
C2,22.53799207,19.37000122,13.9163283,0.271542073
C2,23.35261829,19.18897317,13.9163283,0.271542073
C2,24.43878659,20.81822561,13.9163283,0.271542073
C2,24.43878659,24.89135671,13.9163283,0.271542073
C2,23.26210427,24.43878659,13.9163283,0.271542073
C2,23.98621646,18.10280488,13.9163283,0.271542073
C2,23.98621646,24.16724451,13.9163283,0.271542073
C2,25.07238476,25.6154689,13.9163283,0.543084146
C2,24.52930061,18.10280488,13.9163283,0.452570122
C2,44.08032988,30.68425427,13.9163283,0.271542073
C2,26.7016372,20.27514146,13.9163283,0.543084146
C2,23.08107622,23.44313232,13.9163283,0.543084146
C2,27.15420732,20.72771159,13.9163283,0.271542073
C2,27.60677744,18.9174311,13.9163283,0.271542073
C2,25.79649695,20.09411341,13.9163283,0.271542073
C2,6.60752378,19.46051524,13.9163283,0.362056098
C2,25.70598293,27.15420732,13.9163283,0.271542073
C2,22.90004817,18.555375,13.9163283,0.271542073
C2,24.07673049,22.80953415,13.9163283,0.271542073
C2,1.176682317,0.362056098,13.9163283,0.271542073
C2,16.56406646,43.44673171,13.9163283,0.362056098
C1,22.90004817,23.71467439,13.54021132,0.271542073
C1,22.90004817,21.18028171,13.54021132,0.271542073
C1,25.43444085,19.2794872,13.54021132,0.271542073
C1,25.43444085,22.08542195,13.54021132,0.271542073
C1,25.43444085,21.63285183,13.54021132,0.271542073
C1,23.35261829,19.2794872,13.54021132,0.271542073
C1,23.35261829,20.45616951,13.54021132,0.271542073
C1,26.24906707,22.26645,13.54021132,0.271542073
C1,23.89570244,18.10280488,13.54021132,0.271542073
C1,23.89570244,24.25775854,13.54021132,0.271542073
C1,23.89570244,19.82257134,13.54021132,0.271542073
C1,23.89570244,17.19766463,13.54021132,0.271542073
C1,22.17593598,21.27079573,13.54021132,0.271542073
C1,22.44747805,18.46486098,13.54021132,0.543084146
C1,16.02098232,4.435187195,13.54021132,0.271542073
C1,22.9905622,22.9905622,13.54021132,0.271542073
C1,22.9905622,24.71032866,13.54021132,0.452570122
C1,26.61112317,20.45616951,13.54021132,0.362056098
C1,23.80518841,23.17159024,13.54021132,0.271542073
C1,23.98621646,23.44313232,13.54021132,0.271542073
C1,27.06369329,19.64154329,13.54021132,0.271542073
C1,27.51626341,20.09411341,13.54021132,0.271542073
C1,27.24472134,20.81822561,13.54021132,0.271542073
C1,24.80084268,23.08107622,13.54021132,0.362056098
C1,24.80084268,22.08542195,13.54021132,0.271542073
C1,24.80084268,21.45182378,13.54021132,0.271542073
C1,18.1933189,4.073131098,13.54021132,0.271542073
C1,17.10715061,4.706729268,13.54021132,0.271542073
C1,26.3395811,19.91308537,13.54021132,0.271542073
C1,24.52930061,20.72771159,13.54021132,0.271542073
C1,25.6154689,20.09411341,13.54021132,0.271542073
C1,24.25775854,22.35696402,13.54021132,0.271542073
C1,27.87831951,19.73205732,13.54021132,0.271542073
C1,26.7016372,21.5423378,13.54021132,0.271542073
C1,22.6285061,17.01663659,13.54021132,0.543084146
C1,16.38303841,5.249813415,13.54021132,0.271542073
C1,15.29687012,5.249813415,13.54021132,0.543084146
C1,14.4822439,2.805934756,13.54021132,0.543084146
C1,25.16289878,24.89135671,13.54021132,0.362056098
C1,25.79649695,20.90873963,13.54021132,0.271542073
C1,18.64588902,4.706729268,13.54021132,0.271542073
C1,24.34827256,21.36130976,13.54021132,0.271542073
C2,23.80518841,16.74509451,13.54021132,0.271542073
C2,23.62416037,17.28817866,13.54021132,0.271542073
C2,26.3395811,18.37434695,13.54021132,0.362056098
C2,44.08032988,30.68425427,13.54021132,0.271542073
C2,24.52930061,18.10280488,13.54021132,0.362056098
C2,23.98621646,18.10280488,13.54021132,0.271542073
C2,23.98621646,24.25775854,13.54021132,0.271542073
C2,22.53799207,19.37000122,13.54021132,0.271542073
C2,27.51626341,18.9174311,13.54021132,0.271542073
C2,23.26210427,24.43878659,13.54021132,0.271542073
C2,25.16289878,18.10280488,13.54021132,0.271542073
C2,23.35261829,19.2794872,13.54021132,0.362056098
C2,25.79649695,27.15420732,13.54021132,0.271542073
C2,26.24906707,22.26645,13.54021132,0.271542073
C2,1.176682317,0.362056098,13.54021132,0.271542073
C2,24.89135671,25.52495488,13.54021132,0.543084146
C2,28.69294573,20.36565549,13.54021132,0.271542073
C2,24.34827256,20.90873963,13.54021132,0.362056098
C2,26.7016372,20.36565549,13.54021132,0.543084146
C2,27.15420732,20.81822561,13.54021132,0.271542073
C2,4.616215244,22.9905622,13.54021132,0.271542073
C2,25.88701098,20.09411341,13.54021132,0.271542073
C2,24.43878659,24.80084268,13.54021132,0.271542073
C1,22.17593598,21.27079573,13.16409434,0.271542073
C1,25.43444085,19.2794872,13.16409434,0.271542073
C1,23.89570244,18.10280488,13.16409434,0.271542073
C1,23.89570244,19.82257134,13.16409434,0.271542073
C1,23.89570244,24.25775854,13.16409434,0.271542073
C1,26.24906707,22.17593598,13.16409434,0.271542073
C1,22.90004817,23.80518841,13.16409434,0.271542073
C1,22.35696402,19.09845915,13.16409434,0.271542073
C1,26.97317927,19.64154329,13.16409434,0.271542073
C1,26.97317927,22.17593598,13.16409434,0.271542073
C1,23.17159024,21.08976768,13.16409434,0.362056098
C1,23.17159024,22.6285061,13.16409434,0.271542073
C1,23.80518841,23.17159024,13.16409434,0.271542073
C1,23.80518841,17.19766463,13.16409434,0.271542073
C1,23.08107622,16.83560854,13.16409434,0.271542073
C1,25.07238476,24.80084268,13.16409434,0.271542073
C1,25.2534128,21.9043939,13.16409434,0.271542073
C1,23.26210427,17.37869268,13.16409434,0.271542073
C1,23.26210427,20.36565549,13.16409434,0.271542073
C1,27.87831951,20.18462744,13.16409434,0.362056098
C1,26.52060915,20.45616951,13.16409434,0.452570122
C1,26.43009512,20.00359939,13.16409434,0.271542073
C1,26.43009512,21.63285183,13.16409434,0.271542073
C1,27.24472134,20.81822561,13.16409434,0.271542073
C1,22.71902012,18.37434695,13.16409434,0.271542073
C1,22.71902012,18.10280488,13.16409434,0.271542073
C1,22.71902012,22.9905622,13.16409434,0.271542073
C1,16.02098232,4.344673171,13.16409434,0.271542073
C1,24.43878659,21.27079573,13.16409434,0.271542073
C1,24.43878659,22.90004817,13.16409434,0.271542073
C1,24.43878659,20.45616951,13.16409434,0.271542073
C1,24.43878659,22.08542195,13.16409434,0.271542073
C1,27.06369329,22.6285061,13.16409434,0.271542073
C1,25.6154689,21.18028171,13.16409434,0.271542073
C1,24.98187073,22.80953415,13.16409434,0.271542073
C1,24.98187073,23.62416037,13.16409434,0.271542073
C1,22.53799207,17.46920671,13.16409434,0.271542073
C1,22.9905622,24.52930061,13.16409434,0.271542073
C1,24.16724451,22.44747805,13.16409434,0.271542073
C1,23.62416037,21.5423378,13.16409434,0.271542073
C1,18.01229085,3.982617073,13.16409434,0.271542073
C1,27.33523537,18.9174311,13.16409434,0.271542073
C1,27.33523537,23.62416037,13.16409434,0.543084146
C1,28.60243171,19.46051524,13.16409434,0.543084146
C1,25.52495488,18.46486098,13.16409434,0.271542073
C1,22.6285061,19.91308537,13.16409434,0.271542073
C1,16.92612256,4.254159146,13.16409434,0.362056098
C1,17.28817866,4.52570122,13.16409434,0.271542073
C1,27.96883354,20.90873963,13.16409434,0.543084146
C1,14.4822439,2.172336585,13.16409434,0.271542073
C1,25.16289878,20.45616951,13.16409434,0.271542073
C1,14.1201878,2.534392683,13.16409434,0.271542073
C1,18.1933189,4.616215244,13.16409434,0.271542073
C1,26.06803902,23.44313232,13.16409434,0.271542073
C2,24.61981463,18.01229085,13.16409434,0.362056098
C2,24.61981463,25.16289878,13.16409434,0.452570122
C2,44.08032988,30.68425427,13.16409434,0.271542073
C2,23.62416037,16.92612256,13.16409434,0.543084146
C2,23.62416037,19.09845915,13.16409434,0.271542073
C2,25.16289878,18.01229085,13.16409434,0.271542073
C2,27.60677744,19.00794512,13.16409434,0.362056098
C2,26.43009512,18.37434695,13.16409434,0.543084146
C2,28.69294573,20.36565549,13.16409434,0.271542073
C2,36.83920793,6.788551829,13.16409434,0.271542073
C2,22.90004817,19.18897317,13.16409434,0.271542073
C2,23.98621646,24.07673049,13.16409434,0.271542073
C2,22.6285061,19.82257134,13.16409434,0.271542073
C2,16.29252439,19.37000122,13.16409434,0.271542073
C2,25.07238476,24.89135671,13.16409434,0.271542073
C2,25.07238476,19.37000122,13.16409434,0.271542073
C2,25.6154689,27.06369329,13.16409434,0.271542073
C2,26.3395811,20.36565549,13.16409434,0.452570122
C2,24.43878659,25.6154689,13.16409434,0.271542073
C2,4.616215244,22.9905622,13.16409434,0.362056098
C2,27.06369329,20.54668354,13.16409434,0.271542073
C2,24.25775854,19.91308537,13.16409434,0.271542073
C2,1.176682317,0.362056098,13.16409434,0.271542073
C2,16.11149634,9.503972561,13.16409434,0.271542073
C2,27.96883354,20.36565549,13.16409434,0.271542073
C2,22.71902012,17.46920671,13.16409434,0.271542073
C2,25.79649695,26.61112317,13.16409434,0.271542073
C1,22.35696402,21.36130976,12.78797736,0.362056098
C1,22.35696402,19.09845915,12.78797736,0.271542073
C1,23.26210427,20.99925366,12.78797736,0.271542073
C1,23.89570244,18.10280488,12.78797736,0.271542073
C1,25.16289878,21.9043939,12.78797736,0.271542073
C1,25.16289878,24.89135671,12.78797736,0.452570122
C1,27.87831951,20.00359939,12.78797736,0.271542073
C1,25.43444085,19.2794872,12.78797736,0.362056098
C1,27.06369329,22.35696402,12.78797736,0.362056098
C1,26.3395811,21.81387988,12.78797736,0.271542073
C1,26.97317927,19.73205732,12.78797736,0.271542073
C1,23.80518841,17.19766463,12.78797736,0.271542073
C1,23.80518841,19.73205732,12.78797736,0.362056098
C1,23.80518841,23.17159024,12.78797736,0.271542073
C1,23.08107622,16.83560854,12.78797736,0.271542073
C1,23.08107622,24.25775854,12.78797736,0.271542073
C1,26.43009512,20.54668354,12.78797736,0.271542073
C1,26.43009512,19.91308537,12.78797736,0.271542073
C1,27.42574939,19.37000122,12.78797736,0.271542073
C1,24.07673049,23.62416037,12.78797736,0.271542073
C1,24.07673049,22.35696402,12.78797736,0.271542073
C1,25.6154689,21.27079573,12.78797736,0.271542073
C1,28.51191768,19.37000122,12.78797736,0.543084146
C1,23.98621646,24.16724451,12.78797736,0.271542073
C1,23.17159024,18.9174311,12.78797736,0.271542073
C1,27.15420732,20.63719756,12.78797736,0.271542073
C1,25.79649695,22.80953415,12.78797736,0.271542073
C1,22.9905622,23.71467439,12.78797736,0.271542073
C1,22.9905622,18.10280488,12.78797736,0.271542073
C1,22.9905622,22.53799207,12.78797736,0.271542073
C1,25.52495488,22.71902012,12.78797736,0.271542073
C1,23.62416037,19.00794512,12.78797736,0.271542073
C1,24.43878659,21.36130976,12.78797736,0.271542073
C1,24.43878659,20.54668354,12.78797736,0.271542073
C1,27.33523537,23.62416037,12.78797736,0.543084146
C1,24.61981463,23.98621646,12.78797736,0.271542073
C1,26.24906707,23.53364634,12.78797736,0.271542073
C1,22.71902012,17.65023476,12.78797736,0.271542073
C1,25.07238476,18.10280488,12.78797736,0.271542073
C1,27.96883354,21.18028171,12.78797736,0.271542073
C1,24.71032866,20.54668354,12.78797736,0.271542073
C1,25.34392683,23.17159024,12.78797736,0.271542073
C1,28.33088963,18.82691707,12.78797736,0.543084146
C1,27.60677744,21.81387988,12.78797736,0.271542073
C1,23.35261829,24.71032866,12.78797736,0.271542073
C1,24.89135671,16.92612256,12.78797736,0.271542073
C1,24.16724451,24.98187073,12.78797736,0.271542073
C1,16.56406646,4.887757317,12.78797736,0.271542073
C1,17.01663659,4.344673171,12.78797736,0.271542073
C1,17.8312628,4.254159146,12.78797736,0.271542073
C2,24.61981463,17.92177683,12.78797736,0.271542073
C2,23.44313232,17.10715061,12.78797736,0.362056098
C2,26.97317927,18.555375,12.78797736,0.543084146
C2,26.97317927,20.54668354,12.78797736,0.271542073
C2,27.60677744,19.37000122,12.78797736,0.271542073
C2,23.89570244,17.92177683,12.78797736,0.271542073
C2,25.2534128,18.01229085,12.78797736,0.271542073
C2,43.98981585,30.59374024,12.78797736,0.271542073
C2,22.6285061,19.82257134,12.78797736,0.271542073
C2,22.6285061,20.90873963,12.78797736,0.362056098
C2,26.06803902,18.46486098,12.78797736,0.271542073
C2,26.06803902,23.53364634,12.78797736,0.271542073
C2,23.26210427,18.9174311,12.78797736,0.271542073
C2,36.83920793,6.698037805,12.78797736,0.271542073
C2,23.98621646,24.16724451,12.78797736,0.271542073
C2,24.80084268,25.16289878,12.78797736,0.452570122
C2,16.29252439,19.37000122,12.78797736,0.271542073
C2,18.1933189,19.09845915,12.78797736,0.271542073
C2,26.7016372,19.91308537,12.78797736,0.271542073
C2,26.24906707,20.45616951,12.78797736,0.271542073
C2,28.69294573,20.36565549,12.78797736,0.362056098
C2,25.16289878,21.9043939,12.78797736,0.271542073
C2,24.98187073,19.2794872,12.78797736,0.271542073
C2,25.79649695,24.43878659,12.78797736,0.271542073
C2,27.87831951,20.27514146,12.78797736,0.271542073
C2,24.16724451,25.6154689,12.78797736,0.271542073
C2,24.16724451,20.00359939,12.78797736,0.362056098
C2,0,18.37434695,12.78797736,0.452570122
C2,19.2794872,11.8573372,12.78797736,0.271542073
C2,3.439532927,22.17593598,12.78797736,0.271542073
C2,22.53799207,17.46920671,12.78797736,0.271542073
C2,28.14986159,18.64588902,12.78797736,0.271542073
C2,26.15855305,21.45182378,12.78797736,0.271542073
C2,29.77911402,23.89570244,12.78797736,0.452570122
C2,23.53364634,19.82257134,12.78797736,0.271542073
C1,23.26210427,21.08976768,12.41186038,0.271542073
C1,23.26210427,18.1933189,12.41186038,0.271542073
C1,27.06369329,22.35696402,12.41186038,0.362056098
C1,27.96883354,19.91308537,12.41186038,0.271542073
C1,25.16289878,21.9043939,12.41186038,0.271542073
C1,25.6154689,21.27079573,12.41186038,0.271542073
C1,26.3395811,21.81387988,12.41186038,0.271542073
C1,26.3395811,19.82257134,12.41186038,0.271542073
C1,26.43009512,20.54668354,12.41186038,0.271542073
C1,27.51626341,19.37000122,12.41186038,0.271542073
C1,23.71467439,19.73205732,12.41186038,0.362056098
C1,23.71467439,23.17159024,12.41186038,0.362056098
C1,26.06803902,22.71902012,12.41186038,0.271542073
C1,28.42140366,19.2794872,12.41186038,0.543084146
C1,22.35696402,21.45182378,12.41186038,0.543084146
C1,23.80518841,17.28817866,12.41186038,0.271542073
C1,25.43444085,19.18897317,12.41186038,0.362056098
C1,23.98621646,18.10280488,12.41186038,0.271542073
C1,23.98621646,24.16724451,12.41186038,0.271542073
C1,26.79215122,19.64154329,12.41186038,0.271542073
C1,26.24906707,23.26210427,12.41186038,0.271542073
C1,25.2534128,22.71902012,12.41186038,0.271542073
C1,25.2534128,23.35261829,12.41186038,0.271542073
C1,25.2534128,18.01229085,12.41186038,0.362056098
C1,24.43878659,23.89570244,12.41186038,0.271542073
C1,24.43878659,21.36130976,12.41186038,0.271542073
C1,23.62416037,18.73640305,12.41186038,0.271542073
C1,23.62416037,21.99490793,12.41186038,0.271542073
C1,22.6285061,20.09411341,12.41186038,0.271542073
C1,24.16724451,22.44747805,12.41186038,0.271542073
C1,22.17593598,19.09845915,12.41186038,0.543084146
C1,24.98187073,24.89135671,12.41186038,0.543084146
C1,24.61981463,20.72771159,12.41186038,0.271542073
C1,27.60677744,21.45182378,12.41186038,0.271542073
C1,27.60677744,23.80518841,12.41186038,0.543084146
C1,22.71902012,23.44313232,12.41186038,0.271542073
C1,24.07673049,16.20201037,12.41186038,0.271542073
C1,25.977525,24.25775854,12.41186038,0.271542073
C1,24.89135671,16.92612256,12.41186038,0.543084146
C2,27.06369329,18.64588902,12.41186038,0.271542073
C2,27.51626341,19.37000122,12.41186038,0.271542073
C2,29.86962805,23.89570244,12.41186038,0.271542073
C2,23.35261829,18.9174311,12.41186038,0.362056098
C2,23.35261829,17.10715061,12.41186038,0.362056098
C2,24.61981463,17.92177683,12.41186038,0.543084146
C2,27.69729146,18.555375,12.41186038,0.271542073
C2,22.71902012,19.91308537,12.41186038,0.362056098
C2,23.80518841,18.28383293,12.41186038,0.271542073
C2,24.07673049,18.64588902,12.41186038,0.271542073
C2,24.07673049,23.98621646,12.41186038,0.271542073
C2,25.79649695,24.25775854,12.41186038,0.271542073
C2,26.7016372,19.82257134,12.41186038,0.271542073
C2,23.44313232,17.74074878,12.41186038,0.271542073
C2,26.3395811,20.54668354,12.41186038,0.271542073
C2,19.37000122,11.76682317,12.41186038,0.271542073
C2,30.4127122,22.6285061,12.41186038,0.271542073
C2,24.71032866,25.16289878,12.41186038,0.543084146
C2,26.15855305,21.45182378,12.41186038,0.271542073
C2,28.60243171,28.60243171,12.41186038,0.362056098
C2,31.31785244,19.2794872,12.41186038,0.362056098
C2,31.31785244,20.09411341,12.41186038,0.271542073
C2,25.70598293,24.98187073,12.41186038,0.271542073
C2,25.2534128,21.9043939,12.41186038,0.543084146
C2,24.16724451,20.00359939,12.41186038,0.271542073
C2,25.43444085,18.555375,12.41186038,0.271542073
C2,25.43444085,22.6285061,12.41186038,0.271542073
C2,25.977525,18.28383293,12.41186038,0.271542073
C2,24.89135671,19.18897317,12.41186038,0.271542073
C2,24.34827256,24.80084268,12.41186038,0.271542073
C2,3.439532927,22.17593598,12.41186038,0.271542073
C2,28.33088963,20.36565549,12.41186038,0.452570122
C2,0,18.37434695,12.41186038,0.452570122
C2,26.06803902,17.92177683,12.41186038,0.271542073
C2,3.801589024,21.36130976,12.41186038,0.271542073
C2,18.10280488,19.09845915,12.41186038,0.362056098
C2,22.80953415,20.99925366,12.41186038,0.271542073
C2,25.07238476,16.83560854,12.41186038,0.271542073
C1,27.06369329,22.35696402,12.0357434,0.271542073
C1,23.62416037,19.73205732,12.0357434,0.271542073
C1,23.62416037,21.9043939,12.0357434,0.271542073
C1,23.35261829,21.18028171,12.0357434,0.271542073
C1,23.35261829,17.37869268,12.0357434,0.271542073
C1,25.6154689,21.27079573,12.0357434,0.271542073
C1,25.16289878,21.99490793,12.0357434,0.271542073
C1,27.42574939,19.37000122,12.0357434,0.271542073
C1,26.06803902,22.90004817,12.0357434,0.271542073
C1,24.16724451,20.00359939,12.0357434,0.271542073
C1,26.79215122,23.62416037,12.0357434,0.271542073
C1,26.3395811,21.81387988,12.0357434,0.271542073
C1,26.3395811,19.73205732,12.0357434,0.271542073
C1,26.43009512,20.54668354,12.0357434,0.271542073
C1,25.2534128,22.71902012,12.0357434,0.271542073
C1,23.71467439,23.44313232,12.0357434,0.362056098
C1,28.42140366,19.2794872,12.0357434,0.543084146
C1,26.88266524,20.45616951,12.0357434,0.271542073
C1,24.71032866,17.01663659,12.0357434,0.271542073
C1,24.25775854,23.89570244,12.0357434,0.271542073
C1,24.25775854,18.555375,12.0357434,0.271542073
C1,29.50757195,25.79649695,12.0357434,0.543084146
C1,22.80953415,19.09845915,12.0357434,0.271542073
C1,26.15855305,23.53364634,12.0357434,0.271542073
C1,27.69729146,21.72336585,12.0357434,0.271542073
C1,27.69729146,21.08976768,12.0357434,0.271542073
C1,22.6285061,20.18462744,12.0357434,0.271542073
C1,23.80518841,17.46920671,12.0357434,0.271542073
C1,23.80518841,18.82691707,12.0357434,0.271542073
C1,24.07673049,22.44747805,12.0357434,0.271542073
C1,24.52930061,20.54668354,12.0357434,0.271542073
C1,23.53364634,18.01229085,12.0357434,0.271542073
C1,24.34827256,17.92177683,12.0357434,0.271542073
C2,23.26210427,18.9174311,12.0357434,0.362056098
C2,29.86962805,23.89570244,12.0357434,0.271542073
C2,27.06369329,18.555375,12.0357434,0.271542073
C2,27.24472134,19.18897317,12.0357434,0.543084146
C2,25.70598293,24.25775854,12.0357434,0.271542073
C2,25.70598293,25.07238476,12.0357434,0.271542073
C2,23.89570244,18.46486098,12.0357434,0.271542073
C2,27.69729146,18.555375,12.0357434,0.271542073
C2,31.31785244,19.2794872,12.0357434,0.271542073
C2,31.31785244,20.09411341,12.0357434,0.271542073
C2,24.16724451,25.52495488,12.0357434,0.271542073
C2,30.59374024,26.3395811,12.0357434,0.271542073
C2,26.15855305,21.45182378,12.0357434,0.271542073
C2,26.15855305,20.18462744,12.0357434,0.271542073
C2,26.61112317,19.73205732,12.0357434,0.271542073
C2,22.71902012,20.18462744,12.0357434,0.452570122
C2,30.4127122,22.53799207,12.0357434,0.271542073
C2,23.80518841,17.8312628,12.0357434,0.271542073
C2,25.07238476,16.83560854,12.0357434,0.271542073
C2,24.89135671,25.16289878,12.0357434,0.271542073
C2,24.61981463,17.74074878,12.0357434,0.362056098
C2,25.34392683,22.17593598,12.0357434,0.543084146
C2,25.34392683,21.08976768,12.0357434,0.271542073
C2,28.51191768,28.60243171,12.0357434,0.362056098
C2,28.51191768,24.61981463,12.0357434,0.271542073
C2,30.23168415,25.88701098,12.0357434,0.271542073
C2,26.43009512,20.72771159,12.0357434,0.271542073
C2,19.46051524,11.76682317,12.0357434,0.271542073
C2,22.35696402,19.64154329,12.0357434,0.271542073
C2,27.87831951,20.18462744,12.0357434,0.271542073
C2,23.35261829,23.26210427,12.0357434,0.271542073
C2,18.73640305,7.603178049,12.0357434,0.271542073
C2,31.22733841,22.53799207,12.0357434,0.271542073
C2,25.79649695,25.6154689,12.0357434,0.271542073